disease,a,b,cosine,flagged
EPIE,EPIE.2,EPIE.4,0.14854455,True
EPIE,EPIE.1,EPIE.2,0.21790892,True
EPIE,EPIE.1,EPIE.4,0.2567572,True
VAN,VAN.1,VAN.3,0.2584126,True
PTEN,PTEN.3,PTEN.5,0.27278912,True
LAR,LAR.2,LAR.3,0.30012763,True
ZEL,ZEL.1,ZEL.5,0.33076346,True
EPIE,EPIE.1,EPIE.3,0.33131015,True
PON,PON.1,PON.4,0.335724,True
EPIE,EPIE.2,EPIE.3,0.35201418,True
DON,DON.2,DON.3,0.35612828,True
MOW,MOW.1,MOW.2,0.35674,True
EPIE,EPIE.3,EPIE.4,0.35863876,True
ANK,ANK.1,ANK.2,0.3842029,True
SAND,SAND.1,SAND.4,0.39151573,True
COF,COF.4,COF.5,0.40671253,True
LAR,LAR.1,LAR.2,0.40812123,True
APE,APE.1,APE.2,0.4152844,True
APE,APE.3,APE.4,0.42827606,True
DON,DON.1,DON.4,0.4375373,True
SAND,SAND.1,SAND.5,0.4408629,True
RES,RES.1,RES.5,0.44094932,True
MUL,MUL.1,MUL.5,0.44153363,True
PAR,PAR.1,PAR.3,0.44585323,True
DON,DON.3,DON.4,0.46080053,True
LAR,LAR.1,LAR.3,0.47273755,True
LEP,LEP.6,LEP.7,0.4738847,True
COM,COM.2,COM.3,0.48397434,True
ALPM,ALPM.3,ALPM.5,0.4850558,True
ROB,ROB.4,ROB.5,0.48795044,True
SUC,SUC.1,SUC.2,0.4945535,True
MPS,MPS.1,MPS.2,0.5005822,True
CSY,CSY.3,CSY.4,0.5018936,True
RES,RES.1,RES.4,0.5193702,True
ALPH,ALPH.1,ALPH.2,0.5214883,True
DON,DON.1,DON.3,0.5228694,True
RHO,RHO.1,RHO.2,0.52660954,True
LEP,LEP.3,LEP.4,0.52737695,True
RES,RES.4,RES.5,0.5286632,True
RES,RES.2,RES.5,0.52883387,True
APE,APE.1,APE.3,0.53120065,True
BARB,BARB.1,BARB.2,0.5333221,True
AAR,AAR.1,AAR.2,0.53698623,True
DON,DON.2,DON.4,0.5382459,True
RHO,RHO.3,RHO.4,0.5409428,True
RES,RES.2,RES.4,0.5417316,True
ALPM,ALPM.1,ALPM.4,0.54744416,True
COD,COD.4,COD.5,0.5495705,True
ROB,ROB.1,ROB.2,0.5530412,True
RES,RES.3,RES.4,0.5572533,True
COF,COF.3,COF.4,0.5637895,True
RES,RES.3,RES.5,0.5652665,True
ALP,ALP.1,ALP.5,0.565908,True
APE,APE.1,APE.4,0.5663617,True
BOY,BOY.3,BOY.4,0.56833047,True
ROB,ROB.3,ROB.5,0.5700046,True
ALPH,ALPH.2,ALPH.4,0.57622075,True
ALLA,ALLA.3,ALLA.4,0.57703555,True
ALPH,ALPH.2,ALPH.3,0.5779889,True
BARB,BARB.2,BARB.3,0.5782447,True
SAND,SAND.4,SAND.5,0.58289206,True
RES,RES.1,RES.3,0.58456475,True
ALPM,ALPM.1,ALPM.5,0.5893515,True
LEP,LEP.1,LEP.6,0.5908903,True
LEP,LEP.1,LEP.7,0.59385896,True
BOY,BOY.3,BOY.5,0.59449714,True
MBO,MBO.2,MBO.4,0.5945082,True
SUL,SUL.2,SUL.5,0.59527755,True
SUL,SUL.2,SUL.4,0.59674466,True
RHO,RHO.3,RHO.5,0.5987675,True
AURI,AURI.3,AURI.4,0.6006599,True
LEP,LEP.5,LEP.6,0.6012399,True
LOE,LOE.2,LOE.4,0.6029999,True
ALPH,ALPH.4,ALPH.5,0.6036459,True
DON,DON.1,DON.2,0.6075803,True
LEI,LEI.4,LEI.5,0.608182,True
SIA,SIA.2,SIA.4,0.60841715,True
CRA,CRA.3,CRA.5,0.60894513,True
APE,APE.4,APE.5,0.61094177,True
MOW,MOW.4,MOW.5,0.6112967,True
RHO,RHO.2,RHO.3,0.611919,True
COF,COF.1,COF.2,0.6132262,True
DON,DON.2,DON.5,0.61458033,True
DON,DON.1,DON.5,0.6257982,True
BARB,BARB.1,BARB.4,0.6260215,True
RES,RES.2,RES.3,0.6271141,True
PRO,PRO.1,PRO.2,0.6275867,True
MAL,MAL.2,MAL.3,0.630534,True
MBO,MBO.1,MBO.4,0.6319617,True
APE,APE.3,APE.5,0.6330407,True
CSY,CSY.2,CSY.4,0.63318425,True
CRA,CRA.4,CRA.5,0.63485134,False
COM,COM.1,COM.4,0.6356686,False
CSY,CSY.2,CSY.3,0.6371412,False
ART,ART.1,ART.5,0.638332,False
BOY,BOY.1,BOY.5,0.63983166,False
REN,REN.3,REN.4,0.6400426,False
DON,DON.4,DON.5,0.64196855,False
CAN,CAN.4,CAN.5,0.64876175,False
ROB,ROB.1,ROB.4,0.65206325,False
WOL,WOL.2,WOL.5,0.6524843,False
ALPH,ALPH.3,ALPH.5,0.65864444,False
SIA,SIA.3,SIA.5,0.65962064,False
BOY,BOY.4,BOY.5,0.6596527,False
MAL,MAL.1,MAL.2,0.66165525,False
APE,APE.2,APE.3,0.66406584,False
ALL,ALL.1,ALL.5,0.66493934,False
COF,COF.3,COF.5,0.6652784,False
ALS,ALS.2,ALS.5,0.66654205,False
SIA,SIA.2,SIA.5,0.67303634,False
BARB,BARB.1,BARB.3,0.67443335,False
BOY,BOY.1,BOY.4,0.6788016,False
CER,CER.3,CER.4,0.67973673,False
RHO,RHO.1,RHO.5,0.6830501,False
PON,PON.1,PON.3,0.68415546,False
SIA,SIA.2,SIA.3,0.6850435,False
ROB,ROB.3,ROB.4,0.68597806,False
RHO,RHO.2,RHO.4,0.6866137,False
BOY,BOY.1,BOY.3,0.68778527,False
SUL,SUL.1,SUL.2,0.68856966,False
ALPH,ALPH.3,ALPH.4,0.68883854,False
KRA,KRA.2,KRA.4,0.6890478,False
ALS,ALS.3,ALS.5,0.6891171,False
MUL,MUL.3,MUL.4,0.68953663,False
PYR,PYR.1,PYR.2,0.6912356,False
AURI,AURI.1,AURI.5,0.6912578,False
COD,COD.3,COD.5,0.6924187,False
ART,ART.2,ART.3,0.69421154,False
ODO,ODO.1,ODO.3,0.6945091,False
MBO,MBO.3,MBO.5,0.69517857,False
ALPM,ALPM.2,ALPM.4,0.6961797,False
CUS,CUS.4,CUS.5,0.69632506,False
RHO,RHO.1,RHO.4,0.696627,False
ALPH,ALPH.1,ALPH.4,0.6971367,False
DIA,DIA.1,DIA.3,0.6974523,False
AAR,AAR.2,AAR.5,0.6990347,False
CRA,CRA.1,CRA.2,0.69917023,False
RHO,RHO.2,RHO.5,0.699937,False
PTEN,PTEN.4,PTEN.5,0.70029,False
OCH,OCH.3,OCH.5,0.7014705,False
MAR,MAR.2,MAR.3,0.7018192,False
ROB,ROB.2,ROB.4,0.70382047,False
MPS,MPS.3,MPS.5,0.7041032,False
MUL,MUL.1,MUL.3,0.7058685,False
CAN,CAN.3,CAN.4,0.7060935,False
ART,ART.3,ART.4,0.7064931,False
MOW,MOW.2,MOW.5,0.7075285,False
TUR,TUR.1,TUR.4,0.70847505,False
DOO,DOO.2,DOO.3,0.7088328,False
COF,COF.1,COF.3,0.7104958,False
PON,PON.3,PON.4,0.71131337,False
BOH,BOH.1,BOH.5,0.71151614,False
RHO,RHO.1,RHO.3,0.71325207,False
APE,APE.2,APE.4,0.7137751,False
BAI,BAI.4,BAI.5,0.7144012,False
BOH,BOH.2,BOH.3,0.718244,False
ALPM,ALPM.4,ALPM.5,0.72000575,False
MAR,MAR.3,MAR.5,0.7204698,False
MOW,MOW.2,MOW.3,0.7208282,False
MOW,MOW.1,MOW.5,0.7209044,False
PRIM,PRIM.2,PRIM.3,0.7216289,False
CLOU,CLOU.4,CLOU.5,0.7231391,False
CAH,CAH.2,CAH.3,0.7238189,False
DON,DON.3,DON.5,0.72495073,False
MOW,MOW.3,MOW.5,0.72540605,False
MBO,MBO.2,MBO.5,0.72570974,False
SUL,SUL.1,SUL.4,0.7258651,False
SUL,SUL.1,SUL.3,0.7267205,False
MOW,MOW.1,MOW.3,0.7269325,False
ALS,ALS.3,ALS.4,0.7271924,False
SPO,SPO.1,SPO.2,0.7272116,False
BAI,BAI.3,BAI.4,0.72785145,False
OCH,OCH.2,OCH.5,0.72793525,False
APE,APE.1,APE.5,0.72820204,False
PRIM,PRIM.3,PRIM.4,0.72840995,False
RHO,RHO.4,RHO.5,0.7298635,False
CHU,CHU.2,CHU.3,0.7333914,False
COF,COF.2,COF.4,0.73375285,False
ODO,ODO.2,ODO.4,0.73419464,False
SIA,SIA.1,SIA.2,0.7350677,False
ZEL,ZEL.2,ZEL.3,0.73570776,False
BAI,BAI.2,BAI.3,0.73728406,False
ALPH,ALPH.1,ALPH.3,0.73758876,False
BART,BART.3,BART.4,0.7377801,False
ALPM,ALPM.1,ALPM.3,0.7387859,False
JUV,JUV.2,JUV.3,0.73913544,False
COD,COD.1,COD.5,0.7393582,False
PTEN,PTEN.3,PTEN.4,0.74035823,False
AIC,AIC.1,AIC.5,0.7420918,False
LEP,LEP.5,LEP.7,0.7433794,False
CLOU,CLOU.3,CLOU.5,0.74380255,False
CSY,CSY.2,CSY.5,0.7460807,False
IMMU,IMMU.2,IMMU.3,0.74626684,False
OCH,OCH.1,OCH.5,0.7480285,False
KRA,KRA.1,KRA.4,0.74832666,False
CSY,CSY.3,CSY.5,0.7487362,False
ALS,ALS.2,ALS.3,0.74885654,False
BAI,BAI.2,BAI.4,0.74992776,False
CLE,CLE.2,CLE.5,0.75060385,False
ALPM,ALPM.1,ALPM.2,0.751186,False
OST,OST.1,OST.4,0.75256395,False
BARB,BARB.3,BARB.4,0.7539669,False
COF,COF.2,COF.5,0.75424826,False
RES,RES.1,RES.2,0.75437444,False
OCU,OCU.3,OCU.5,0.75438935,False
ODO,ODO.1,ODO.4,0.754659,False
WAL,WAL.3,WAL.4,0.7555388,False
MPS,MPS.3,MPS.4,0.75560325,False
BOH,BOH.1,BOH.4,0.7558061,False
ALPM,ALPM.3,ALPM.4,0.7559993,False
CER,CER.1,CER.3,0.75669897,False
MARI,MARI.2,MARI.4,0.7570225,False
GEO,GEO.2,GEO.5,0.7585259,False
SPI,SPI.3,SPI.5,0.75954604,False
AURI,AURI.3,AURI.5,0.7616396,False
CLE,CLE.2,CLE.4,0.76208246,False
CER,CER.1,CER.4,0.7623831,False
SIA,SIA.1,SIA.5,0.7629825,False
USHB,USHB.3,USHB.5,0.7637188,False
CLE,CLE.1,CLE.5,0.7641048,False
BEC,BEC.2,BEC.3,0.7645892,False
BARB,BARB.2,BARB.4,0.7659333,False
ART,ART.1,ART.3,0.7661828,False
LEP,LEP.1,LEP.5,0.7666638,False
ROB,ROB.1,ROB.5,0.7681585,False
LOE,LOE.1,LOE.5,0.76840454,False
MBO,MBO.2,MBO.3,0.7685837,False
COF,COF.2,COF.3,0.7689482,False
ALPM,ALPM.2,ALPM.5,0.7703298,False
CLOU,CLOU.2,CLOU.3,0.7719909,False
PTEN,PTEN.2,PTEN.4,0.7724626,False
GEO,GEO.1,GEO.2,0.77366036,False
CUS,CUS.1,CUS.4,0.7737027,False
MOR,MOR.2,MOR.5,0.7741231,False
COD,COD.1,COD.2,0.77433294,False
MBO,MBO.3,MBO.4,0.7747401,False
MOW,MOW.2,MOW.4,0.7753452,False
AURI,AURI.2,AURI.4,0.7756805,False
OST,OST.4,OST.5,0.7763117,False
GEO,GEO.2,GEO.3,0.7770122,False
WAR,WAR.1,WAR.5,0.7778276,False
ROB,ROB.1,ROB.3,0.77798474,False
AURI,AURI.1,AURI.3,0.7782497,False
CRIS,CRIS.1,CRIS.5,0.77864915,False
CLE,CLE.4,CLE.5,0.7788849,False
WAR,WAR.3,WAR.5,0.7797488,False
COND,COND.2,COND.4,0.78090656,False
CLOU,CLOU.2,CLOU.4,0.7809613,False
ALPH,ALPH.2,ALPH.5,0.78134096,False
AAR,AAR.1,AAR.5,0.7814567,False
CLOU,CLOU.2,CLOU.5,0.7815801,False
COD,COD.1,COD.3,0.78222847,False
OCU,OCU.2,OCU.4,0.78250015,False
OCU,OCU.3,OCU.4,0.7840807,False
BOH,BOH.3,BOH.4,0.78470224,False
CER,CER.2,CER.3,0.7855934,False
APE,APE.2,APE.5,0.7875122,False
SUL,SUL.4,SUL.5,0.78825027,False
DOO,DOO.1,DOO.5,0.78972024,False
SPI,SPI.2,SPI.5,0.78981256,False
MUL,MUL.2,MUL.3,0.7902093,False
CER,CER.2,CER.4,0.7915139,False
FANC,FANC.4,FANC.5,0.7918358,False
BART,BART.1,BART.3,0.7918618,False
AURI,AURI.2,AURI.3,0.7931793,False
OCH,OCH.4,OCH.5,0.7936426,False
COND,COND.3,COND.4,0.7938846,False
ALL,ALL.1,ALL.2,0.7942393,False
PRIM,PRIM.1,PRIM.5,0.7944678,False
WAR,WAR.1,WAR.3,0.7947934,False
COF,COF.1,COF.4,0.7957368,False
GLU,GLU.3,GLU.4,0.79577816,False
ALL,ALL.2,ALL.5,0.79764175,False
COD,COD.1,COD.4,0.7979062,False
COF,COF.1,COF.5,0.8006904,False
BARB,BARB.4,BARB.5,0.8010044,False
BOH,BOH.4,BOH.5,0.8011383,False
COD,COD.3,COD.4,0.801399,False
CER,CER.1,CER.2,0.8015474,False
MPS,MPS.1,MPS.5,0.8019111,False
ART,ART.4,ART.5,0.80210125,False
VAN,VAN.2,VAN.5,0.8030923,False
CRA,CRA.3,CRA.4,0.80320495,False
KRA,KRA.2,KRA.5,0.8037366,False
BOH,BOH.2,BOH.4,0.8044864,False
PON,PON.3,PON.5,0.8058414,False
BAI,BAI.1,BAI.5,0.8059544,False
ART,ART.1,ART.2,0.8067814,False
PTEN,PTEN.1,PTEN.4,0.8068625,False
MOW,MOW.3,MOW.4,0.80708647,False
CLE,CLE.1,CLE.3,0.8075141,False
CAN,CAN.3,CAN.5,0.8082967,False
WAL,WAL.4,WAL.5,0.8085245,False
HYPO,HYPO.1,HYPO.5,0.80910087,False
OCH,OCH.2,OCH.3,0.8106499,False
MBO,MBO.1,MBO.3,0.81086844,False
CSY,CSY.1,CSY.5,0.8110804,False
WAR,WAR.4,WAR.5,0.8113474,False
ZEL,ZEL.3,ZEL.4,0.8120919,False
ALPM,ALPM.2,ALPM.3,0.8125934,False
EPIE,EPIE.2,EPIE.5,0.8129146,False
WAR,WAR.2,WAR.4,0.81313694,False
OST,OST.2,OST.4,0.8150592,False
MAR,MAR.2,MAR.5,0.81516314,False
ART,ART.1,ART.4,0.8153901,False
WAR,WAR.2,WAR.3,0.8157356,False
WAR,WAR.2,WAR.5,0.8170655,False
CLE,CLE.1,CLE.2,0.81789637,False
CRIS,CRIS.2,CRIS.5,0.8187878,False
SIC,SIC.3,SIC.4,0.8192585,False
ART,ART.2,ART.5,0.82005274,False
ALS,ALS.4,ALS.5,0.82059133,False
CUS,CUS.1,CUS.2,0.820696,False
EPIE,EPIE.1,EPIE.5,0.82085085,False
COD,COD.2,COD.3,0.8211041,False
TYR,TYR.2,TYR.5,0.8218185,False
SPO,SPO.1,SPO.5,0.82182026,False
CRIS,CRIS.2,CRIS.3,0.8219792,False
SIA,SIA.3,SIA.4,0.82232654,False
KAW,KAW.3,KAW.4,0.82249606,False
ANG,ANG.2,ANG.3,0.82278764,False
SIA,SIA.1,SIA.3,0.82406086,False
COD,COD.2,COD.5,0.82414174,False
WAR,WAR.1,WAR.2,0.8247938,False
GEO,GEO.3,GEO.5,0.8249705,False
DOO,DOO.3,DOO.4,0.82536805,False
KRA,KRA.4,KRA.5,0.82538676,False
OCH,OCH.3,OCH.4,0.8260212,False
CSY,CSY.1,CSY.3,0.82617044,False
TEMP,TEMP.3,TEMP.4,0.8262337,False
WAL,WAL.2,WAL.5,0.826547,False
EPIE,EPIE.4,EPIE.5,0.82659835,False
GEO,GEO.2,GEO.4,0.82703257,False
ART,ART.2,ART.4,0.82792306,False
CAN,CAN.2,CAN.3,0.82807124,False
AURI,AURI.1,AURI.2,0.8285836,False
COND,COND.2,COND.3,0.82865024,False
BOH,BOH.1,BOH.2,0.82878447,False
CYS,CYS.1,CYS.5,0.8301718,False
ROB,ROB.2,ROB.5,0.831012,False
DOO,DOO.2,DOO.4,0.8310498,False
CSY,CSY.4,CSY.5,0.83125013,False
MBO,MBO.1,MBO.2,0.8325759,False
LEP,LEP.4,LEP.6,0.8326589,False
CAH,CAH.1,CAH.2,0.83280826,False
OST,OST.3,OST.5,0.8340935,False
DOO,DOO.3,DOO.5,0.8342832,False
DIA,DIA.1,DIA.5,0.83487844,False
BOY,BOY.2,BOY.3,0.83535534,False
WAL,WAL.2,WAL.3,0.83563125,False
SIA,SIA.1,SIA.4,0.835701,False
WAL,WAL.3,WAL.5,0.837127,False
GLU,GLU.3,GLU.5,0.83844405,False
MPS,MPS.1,MPS.3,0.8394331,False
ALS,ALS.2,ALS.4,0.8402833,False
ALLA,ALLA.1,ALLA.4,0.84052765,False
BEC,BEC.3,BEC.5,0.8415514,False
PRIM,PRIM.1,PRIM.2,0.8420837,False
TEMP,TEMP.2,TEMP.3,0.8424541,False
KRA,KRA.2,KRA.3,0.8427289,False
MOR,MOR.2,MOR.3,0.84293485,False
CUS,CUS.2,CUS.4,0.84339607,False
SUL,SUL.2,SUL.3,0.84414625,False
OCH,OCH.1,OCH.3,0.8442432,False
CRIS,CRIS.3,CRIS.5,0.8443494,False
BAI,BAI.1,BAI.3,0.8445629,False
MOW,MOW.1,MOW.4,0.8459068,False
TUR,TUR.1,TUR.3,0.8461225,False
MAR,MAR.2,MAR.4,0.84616554,False
CLE,CLE.1,CLE.4,0.84650004,False
OST,OST.1,OST.2,0.84715927,False
GEO,GEO.1,GEO.4,0.8474176,False
SUL,SUL.1,SUL.5,0.84814143,False
MPS,MPS.1,MPS.4,0.84815615,False
CLOU,CLOU.3,CLOU.4,0.84845114,False
VANB,VANB.1,VANB.2,0.8485745,False
ANG,ANG.3,ANG.4,0.84875923,False
JUV,JUV.1,JUV.3,0.8492168,False
ODO,ODO.2,ODO.3,0.84927166,False
WOL,WOL.2,WOL.3,0.8497977,False
BOH,BOH.3,BOH.5,0.8501436,False
LOE,LOE.4,LOE.5,0.8504503,False
WOL,WOL.1,WOL.4,0.85080653,False
DIA,DIA.3,DIA.4,0.852206,False
AAR,AAR.2,AAR.4,0.8523862,False
MPS,MPS.2,MPS.4,0.85305,False
TEMP,TEMP.2,TEMP.4,0.85322905,False
SUL,SUL.3,SUL.4,0.85425115,False
ROB,ROB.2,ROB.3,0.85470134,False
ALPH,ALPH.1,ALPH.5,0.8551825,False
CAN,CAN.2,CAN.4,0.8560038,False
COD,COD.2,COD.4,0.8568676,False
MPS,MPS.4,MPS.5,0.85733664,False
WAL,WAL.1,WAL.2,0.8574261,False
POM,POM.1,POM.2,0.85798085,False
BART,BART.2,BART.5,0.8584972,False
PON,PON.1,PON.5,0.8613871,False
HYPO,HYPO.2,HYPO.5,0.86183286,False
BAR,BAR.3,BAR.5,0.8620503,False
JUV,JUV.2,JUV.4,0.8622129,False
OST,OST.1,OST.3,0.86229515,False
COND,COND.1,COND.2,0.86269826,False
AIC,AIC.1,AIC.4,0.8627081,False
BAI,BAI.1,BAI.2,0.8636816,False
ALL,ALL.2,ALL.3,0.8647516,False
MOR,MOR.1,MOR.3,0.86482567,False
PRIM,PRIM.2,PRIM.4,0.86564523,False
TUR,TUR.3,TUR.4,0.8659661,False
COM,COM.3,COM.4,0.8661509,False
OCU,OCU.2,OCU.3,0.86616755,False
WOL,WOL.4,WOL.5,0.86627805,False
ART,ART.3,ART.5,0.86756337,False
MPS,MPS.2,MPS.3,0.8675846,False
JUV,JUV.1,JUV.5,0.86765796,False
PTEN,PTEN.1,PTEN.3,0.86766607,False
IMMU,IMMU.3,IMMU.4,0.8676666,False
ODO,ODO.3,ODO.4,0.86795276,False
CRIS,CRIS.4,CRIS.5,0.8681513,False
GEO,GEO.1,GEO.3,0.8682312,False
WAR,WAR.3,WAR.4,0.8682784,False
ALP,ALP.1,ALP.2,0.86884296,False
BARB,BARB.2,BARB.5,0.8699124,False
JOUA,JOUA.1,JOUA.4,0.8710001,False
CRA,CRA.1,CRA.4,0.8711231,False
SIC,SIC.1,SIC.3,0.87125415,False
FANC,FANC.1,FANC.4,0.8713614,False
WAR,WAR.1,WAR.4,0.87179697,False
BAI,BAI.3,BAI.5,0.8718602,False
JUV,JUV.2,JUV.5,0.8720236,False
CLE,CLE.3,CLE.5,0.87212086,False
BOY,BOY.2,BOY.5,0.87279505,False
ODO,ODO.2,ODO.5,0.87288904,False
BAR,BAR.2,BAR.5,0.8733806,False
WOL,WOL.3,WOL.5,0.87370616,False
PTEN,PTEN.1,PTEN.5,0.87382466,False
CUS,CUS.1,CUS.5,0.87422585,False
CYS,CYS.1,CYS.4,0.8752084,False
COM,COM.2,COM.4,0.87564915,False
ZEL,ZEL.1,ZEL.2,0.87612355,False
OST,OST.1,OST.5,0.87631494,False
JUV,JUV.4,JUV.5,0.877237,False
CSY,CSY.1,CSY.2,0.877602,False
BOH,BOH.2,BOH.5,0.87879384,False
EPIE,EPIE.3,EPIE.5,0.87884486,False
LEP,LEP.4,LEP.7,0.87917835,False
BAI,BAI.2,BAI.5,0.87965024,False
CRIS,CRIS.1,CRIS.2,0.8797335,False
ALLA,ALLA.1,ALLA.2,0.8807611,False
ATYP,ATYP.1,ATYP.2,0.8812809,False
WOL,WOL.3,WOL.4,0.881753,False
GEO,GEO.1,GEO.5,0.88254464,False
PRIM,PRIM.1,PRIM.4,0.8831246,False
LEP,LEP.3,LEP.6,0.8837118,False
COND,COND.3,COND.5,0.8837564,False
ATYP,ATYP.1,ATYP.4,0.88386,False
TEMP,TEMP.1,TEMP.2,0.88518703,False
FANC,FANC.3,FANC.5,0.8852178,False
PTEN,PTEN.2,PTEN.3,0.8855397,False
WOL,WOL.2,WOL.4,0.88560987,False
ZEL,ZEL.2,ZEL.4,0.8876332,False
BAR,BAR.1,BAR.5,0.8876691,False
FANC,FANC.3,FANC.4,0.88792324,False
SAND,SAND.3,SAND.4,0.8881167,False
LEP,LEP.3,LEP.7,0.8884203,False
WAL,WAL.1,WAL.3,0.88890487,False
PON,PON.2,PON.5,0.8894674,False
JUV,JUV.3,JUV.4,0.8897627,False
CER,CER.2,CER.5,0.8898765,False
OST,OST.2,OST.5,0.8907993,False
ALL,ALL.3,ALL.5,0.8908203,False
WAL,WAL.2,WAL.4,0.8914695,False
MUL,MUL.2,MUL.5,0.8919288,False
SPI,SPI.2,SPI.3,0.89202964,False
MPS,MPS.2,MPS.5,0.89206856,False
PON,PON.4,PON.5,0.892185,False
SIA,SIA.4,SIA.5,0.89331716,False
CER,CER.1,CER.5,0.893686,False
SPI,SPI.4,SPI.5,0.8937149,False
MBO,MBO.4,MBO.5,0.89377207,False
BART,BART.1,BART.2,0.8938174,False
CHU,CHU.1,CHU.4,0.8939983,False
BEC,BEC.2,BEC.5,0.8941633,False
KRA,KRA.1,KRA.5,0.89426297,False
DIA,DIA.3,DIA.5,0.8948654,False
BARB,BARB.1,BARB.5,0.89525163,False
ALLA,ALLA.1,ALLA.5,0.89608973,False
KAW,KAW.2,KAW.3,0.8961344,False
BAR,BAR.2,BAR.4,0.89615,False
DOO,DOO.1,DOO.4,0.89664,False
CER,CER.3,CER.5,0.8967861,False
CYS,CYS.3,CYS.5,0.8973277,False
TEMP,TEMP.4,TEMP.5,0.89737284,False
CYS,CYS.3,CYS.4,0.8976636,False
TYR,TYR.1,TYR.2,0.8978927,False
MUL,MUL.3,MUL.5,0.8979391,False
CLE,CLE.3,CLE.4,0.8982264,False
MUL,MUL.1,MUL.4,0.8992811,False
MAP,MAP.2,MAP.5,0.89946544,False
OCH,OCH.1,OCH.4,0.8995346,False
BART,BART.4,BART.5,0.89959687,False
REN,REN.1,REN.4,0.8999849,False
ATYP,ATYP.3,ATYP.5,0.900311,False
LEP,LEP.3,LEP.5,0.90089375,False
OST,OST.3,OST.4,0.90104127,False
JUV,JUV.3,JUV.5,0.9012012,False
PRIM,PRIM.1,PRIM.3,0.9023978,False
DOO,DOO.1,DOO.3,0.9035398,False
KRA,KRA.3,KRA.4,0.9037852,False
IMMU,IMMU.1,IMMU.4,0.90417624,False
REN,REN.2,REN.4,0.90462244,False
MAR,MAR.3,MAR.4,0.9054025,False
LEI,LEI.1,LEI.5,0.905532,False
DIA,DIA.1,DIA.4,0.90652454,False
AIC,AIC.3,AIC.5,0.9066162,False
ANG,ANG.1,ANG.5,0.9066555,False
BAI,BAI.1,BAI.4,0.90699893,False
CRA,CRA.2,CRA.5,0.90769094,False
BAR,BAR.1,BAR.3,0.9078714,False
SAND,SAND.1,SAND.3,0.90823644,False
MAL,MAL.1,MAL.3,0.90968585,False
SIC,SIC.1,SIC.4,0.9097606,False
LEI,LEI.1,LEI.4,0.91022676,False
VAN,VAN.2,VAN.3,0.9102741,False
HYPO,HYPO.1,HYPO.3,0.9104144,False
TEMP,TEMP.3,TEMP.5,0.9109326,False
AIC,AIC.4,AIC.5,0.9112167,False
ODO,ODO.1,ODO.2,0.9113919,False
KAW,KAW.1,KAW.5,0.91146797,False
IMMU,IMMU.1,IMMU.5,0.9118726,False
GLU,GLU.1,GLU.5,0.91200435,False
LEP,LEP.4,LEP.5,0.91207725,False
FANC,FANC.2,FANC.5,0.91267526,False
CRA,CRA.1,CRA.3,0.91349834,False
AURI,AURI.2,AURI.5,0.91368693,False
DIA,DIA.2,DIA.3,0.9137017,False
BOH,BOH.1,BOH.3,0.9147124,False
BEC,BEC.1,BEC.3,0.9153334,False
LEI,LEI.2,LEI.3,0.916013,False
CRIS,CRIS.1,CRIS.3,0.916149,False
COND,COND.4,COND.5,0.9163338,False
MUL,MUL.2,MUL.4,0.91648513,False
MAR,MAR.1,MAR.5,0.9168269,False
BART,BART.2,BART.3,0.9173028,False
ALL,ALL.1,ALL.3,0.9174735,False
GLU,GLU.1,GLU.3,0.9179322,False
BART,BART.3,BART.5,0.917953,False
BARB,BARB.3,BARB.5,0.91797054,False
BEC,BEC.1,BEC.5,0.9180957,False
MOR,MOR.1,MOR.2,0.91812253,False
MAR,MAR.4,MAR.5,0.918598,False
USHB,USHB.2,USHB.5,0.9190142,False
BOY,BOY.2,BOY.4,0.91918516,False
GEO,GEO.3,GEO.4,0.9194191,False
SAND,SAND.3,SAND.5,0.92078567,False
REN,REN.2,REN.3,0.9211695,False
ALLA,ALLA.2,ALLA.4,0.92128265,False
CUS,CUS.2,CUS.5,0.9218979,False
BEC,BEC.1,BEC.2,0.9220041,False
OCH,OCH.2,OCH.4,0.92210054,False
AIC,AIC.2,AIC.4,0.9222536,False
JUV,JUV.1,JUV.2,0.92240715,False
CRA,CRA.2,CRA.4,0.9225672,False
KRA,KRA.1,KRA.2,0.92263323,False
ATYP,ATYP.3,ATYP.4,0.9228042,False
LEI,LEI.1,LEI.2,0.92450625,False
PTEN,PTEN.2,PTEN.5,0.92473114,False
PRO,PRO.4,PRO.5,0.92482525,False
CLE,CLE.2,CLE.3,0.9251321,False
BAR,BAR.1,BAR.4,0.9258555,False
FANC,FANC.2,FANC.4,0.9260704,False
OCU,OCU.2,OCU.5,0.92608905,False
JOUA,JOUA.1,JOUA.5,0.92638445,False
ANG,ANG.2,ANG.4,0.9266145,False
VAN,VAN.4,VAN.5,0.9269486,False
LOE,LOE.2,LOE.3,0.9280286,False
TEMP,TEMP.1,TEMP.3,0.928223,False
AAR,AAR.2,AAR.3,0.92882967,False
KRA,KRA.1,KRA.3,0.92931604,False
CSY,CSY.1,CSY.4,0.9293991,False
DIA,DIA.1,DIA.2,0.93018335,False
GLU,GLU.4,GLU.5,0.9306177,False
AIC,AIC.2,AIC.3,0.93066025,False
TUR,TUR.1,TUR.5,0.9308352,False
TEMP,TEMP.1,TEMP.5,0.93095255,False
PAR,PAR.1,PAR.2,0.9311286,False
MAR,MAR.1,MAR.2,0.9313649,False
ALLA,ALLA.2,ALLA.5,0.9318476,False
CRA,CRA.1,CRA.5,0.9319711,False
PRIM,PRIM.2,PRIM.5,0.9322083,False
MOR,MOR.1,MOR.5,0.9323085,False
MAP,MAP.1,MAP.2,0.9323573,False
OCH,OCH.1,OCH.2,0.93370533,False
OCU,OCU.1,OCU.4,0.93393576,False
TYR,TYR.2,TYR.3,0.93472356,False
BOY,BOY.1,BOY.2,0.93567276,False
CHU,CHU.1,CHU.2,0.93630815,False
TYR,TYR.1,TYR.4,0.9365249,False
ALP,ALP.2,ALP.5,0.93717,False
PON,PON.2,PON.3,0.9378169,False
AURI,AURI.4,AURI.5,0.9378376,False
MAP,MAP.3,MAP.5,0.9383996,False
LEP,LEP.2,LEP.5,0.9385633,False
PRO,PRO.3,PRO.5,0.93901676,False
TYR,TYR.3,TYR.4,0.9397136,False
PAR,PAR.2,PAR.3,0.9397691,False
ODO,ODO.3,ODO.5,0.9400528,False
IMMU,IMMU.3,IMMU.5,0.94037235,False
LOE,LOE.3,LOE.5,0.9407835,False
ALP,ALP.1,ALP.3,0.94106555,False
DOO,DOO.2,DOO.5,0.94195193,False
COND,COND.1,COND.4,0.94202346,False
MARI,MARI.1,MARI.2,0.942025,False
ANG,ANG.1,ANG.3,0.9422719,False
LOE,LOE.1,LOE.4,0.9423005,False
PRO,PRO.1,PRO.5,0.9425893,False
TYR,TYR.2,TYR.4,0.9429715,False
POM,POM.4,POM.5,0.94307125,False
ZEL,ZEL.1,ZEL.3,0.94308513,False
FANC,FANC.2,FANC.3,0.94322574,False
WAL,WAL.1,WAL.5,0.9432383,False
SAND,SAND.1,SAND.2,0.94341296,False
BEC,BEC.3,BEC.4,0.9440241,False
CHU,CHU.1,CHU.3,0.94435894,False
MARI,MARI.1,MARI.5,0.9443905,False
ALL,ALL.1,ALL.4,0.9446556,False
MAP,MAP.2,MAP.3,0.94532174,False
WAL,WAL.1,WAL.4,0.9455069,False
CYS,CYS.1,CYS.2,0.945811,False
DOO,DOO.4,DOO.5,0.94614875,False
LEP,LEP.1,LEP.2,0.94643,False
JOUA,JOUA.1,JOUA.2,0.94651103,False
DIA,DIA.2,DIA.5,0.9465406,False
HYPO,HYPO.2,HYPO.4,0.9467522,False
CYS,CYS.4,CYS.5,0.9469193,False
AAR,AAR.1,AAR.4,0.94715834,False
IMMU,IMMU.1,IMMU.3,0.94759476,False
ANG,ANG.3,ANG.5,0.9476576,False
OCU,OCU.4,OCU.5,0.9479813,False
KAW,KAW.2,KAW.4,0.9481286,False
TYR,TYR.1,TYR.3,0.94837344,False
CAH,CAH.2,CAH.5,0.94861627,False
KAW,KAW.2,KAW.5,0.94872487,False
ZEL,ZEL.2,ZEL.5,0.94928557,False
MOR,MOR.3,MOR.5,0.9492915,False
ATYP,ATYP.2,ATYP.4,0.94932777,False
ANG,ANG.1,ANG.4,0.9494547,False
LOE,LOE.3,LOE.4,0.9502378,False
TEMP,TEMP.2,TEMP.5,0.9503858,False
SPI,SPI.3,SPI.4,0.9503981,False
MAR,MAR.1,MAR.3,0.95082724,False
AAR,AAR.3,AAR.5,0.9510486,False
AURI,AURI.1,AURI.4,0.951604,False
JOUA,JOUA.2,JOUA.3,0.9516622,False
VAN,VAN.1,VAN.2,0.95176053,False
COND,COND.1,COND.3,0.9519688,False
SAND,SAND.2,SAND.5,0.95303166,False
AAR,AAR.1,AAR.3,0.9540973,False
PRI,PRI.1,PRI.2,0.9543137,False
DYS,DYS.1,DYS.2,0.95473474,False
USHB,USHB.2,USHB.4,0.95524746,False
KRA,KRA.3,KRA.5,0.9556623,False
CAN,CAN.1,CAN.4,0.95616364,False
USHB,USHB.2,USHB.3,0.9569004,False
PON,PON.2,PON.4,0.95704097,False
HYPO,HYPO.3,HYPO.5,0.9573161,False
REN,REN.1,REN.3,0.95775235,False
SAND,SAND.2,SAND.4,0.9577957,False
ALP,ALP.2,ALP.3,0.9580246,False
IMMU,IMMU.4,IMMU.5,0.95944685,False
AIC,AIC.1,AIC.2,0.9600003,False
CAH,CAH.1,CAH.5,0.9600301,False
TUR,TUR.3,TUR.5,0.9610044,False
PTEN,PTEN.1,PTEN.2,0.9610946,False
AAR,AAR.4,AAR.5,0.9612492,False
GLU,GLU.2,GLU.4,0.96154886,False
ALLA,ALLA.2,ALLA.3,0.9615573,False
POM,POM.3,POM.5,0.9627302,False
LEI,LEI.3,LEI.4,0.9628116,False
MUL,MUL.4,MUL.5,0.96318495,False
DIA,DIA.2,DIA.4,0.9633209,False
FANC,FANC.1,FANC.2,0.96417904,False
ANG,ANG.2,ANG.5,0.9643346,False
REN,REN.1,REN.2,0.9644034,False
PRO,PRO.3,PRO.4,0.9645406,False
TEMP,TEMP.1,TEMP.4,0.9645551,False
GLU,GLU.1,GLU.4,0.9646049,False
BEC,BEC.1,BEC.4,0.9649658,False
CHU,CHU.3,CHU.4,0.96556705,False
MAP,MAP.3,MAP.4,0.9658541,False
CHU,CHU.2,CHU.4,0.96690875,False
ALL,ALL.2,ALL.4,0.9672416,False
ANG,ANG.4,ANG.5,0.9672417,False
BART,BART.1,BART.4,0.9673407,False
LOE,LOE.2,LOE.5,0.96823627,False
LOE,LOE.1,LOE.2,0.9682715,False
CAN,CAN.2,CAN.5,0.96849954,False
OCU,OCU.1,OCU.2,0.96858346,False
PON,PON.1,PON.2,0.9699763,False
CAN,CAN.1,CAN.2,0.9700506,False
ALP,ALP.3,ALP.5,0.9708246,False
PRU,PRU.1,PRU.2,0.9708781,False
OST,OST.2,OST.3,0.97133696,False
PRO,PRO.2,PRO.4,0.9724782,False
POM,POM.2,POM.4,0.9726965,False
TUR,TUR.4,TUR.5,0.9739506,False
CER,CER.4,CER.5,0.9747985,False
POM,POM.2,POM.5,0.9763402,False
MARI,MARI.3,MARI.4,0.97714466,False
GLU,GLU.1,GLU.2,0.9774221,False
KAW,KAW.1,KAW.3,0.9776003,False
ATA,ATA.1,ATA.2,0.97771347,False
ALLA,ALLA.4,ALLA.5,0.97788846,False
VAN,VAN.1,VAN.5,0.9793238,False
TYR,TYR.3,TYR.5,0.97934806,False
HYPO,HYPO.4,HYPO.5,0.97939444,False
ATYP,ATYP.4,ATYP.5,0.9795924,False
MARI,MARI.3,MARI.5,0.9818108,False
WOL,WOL.1,WOL.3,0.98186207,False
OCU,OCU.1,OCU.3,0.9828189,False
CRA,CRA.2,CRA.3,0.98446333,False
CAH,CAH.3,CAH.5,0.9869731,False
BEC,BEC.4,BEC.5,0.98699903,False
MUL,MUL.1,MUL.2,0.9875529,False
GLU,GLU.2,GLU.3,0.988068,False
PRO,PRO.1,PRO.4,0.9892323,False
ZEL,ZEL.3,ZEL.5,0.9895369,False
MARI,MARI.1,MARI.4,0.98982185,False
MAR,MAR.1,MAR.4,0.9901969,False
ALS,ALS.1,ALS.2,0.99049187,False
COND,COND.2,COND.5,0.9919978,False
CYS,CYS.2,CYS.4,0.992008,False
TYR,TYR.4,TYR.5,0.9929638,False
DOP,DOP.1,DOP.2,0.993301,False
GEO,GEO.4,GEO.5,0.9939164,False
ATYP,ATYP.1,ATYP.3,0.9939305,False
MOR,MOR.2,MOR.4,0.99402463,False
DOP,DOP.1,DOP.3,0.99475574,False
LEP,LEP.1,LEP.3,0.99481237,False
DOO,DOO.1,DOO.2,0.9957966,False
LEP,LEP.2,LEP.3,0.9959514,False
MBO,MBO.1,MBO.5,0.9960116,False
AAR,AAR.3,AAR.4,0.9960421,False
BEC,BEC.2,BEC.4,0.9968669,False
LEP,LEP.1,LEP.4,0.99695504,False
WOL,WOL.1,WOL.2,0.9975825,False
BAR,BAR.1,BAR.2,0.99797004,False
ATYP,ATYP.2,ATYP.5,0.9981958,False
COND,COND.1,COND.5,0.9983473,False
ALLA,ALLA.1,ALLA.3,1.0007802,False
MARI,MARI.1,MARI.3,1.0010827,False
CRIS,CRIS.3,CRIS.4,1.0010885,False
LEP,LEP.2,LEP.6,1.0012888,False
VAN,VAN.3,VAN.5,1.0015458,False
PRIM,PRIM.4,PRIM.5,1.0020039,False
OCU,OCU.1,OCU.5,1.0026085,False
JOUA,JOUA.3,JOUA.5,1.0031402,False
MAP,MAP.4,MAP.5,1.0042149,False
MARI,MARI.2,MARI.3,1.0044026,False
KAW,KAW.3,KAW.5,1.0050135,False
ATYP,ATYP.2,ATYP.3,1.0052845,False
LOE,LOE.1,LOE.3,1.0056839,False
SPO,SPO.2,SPO.5,1.0059685,False
JOUA,JOUA.3,JOUA.4,1.0062791,False
SPI,SPI.2,SPI.4,1.0066828,False
DIA,DIA.4,DIA.5,1.0073152,False
AIC,AIC.2,AIC.5,1.0074009,False
JOUA,JOUA.1,JOUA.3,1.0077826,False
HYPO,HYPO.1,HYPO.4,1.008707,False
CAH,CAH.1,CAH.3,1.0096833,False
ALLA,ALLA.3,ALLA.5,1.0099716,False
AIC,AIC.3,AIC.4,1.0106227,False
ALL,ALL.3,ALL.4,1.0110803,False
MOR,MOR.3,MOR.4,1.0110841,False
KAW,KAW.1,KAW.4,1.0112596,False
ANG,ANG.1,ANG.2,1.012714,False
ZEL,ZEL.1,ZEL.4,1.0158154,False
LEI,LEI.3,LEI.5,1.015956,False
CAH,CAH.2,CAH.4,1.0163475,False
PRO,PRO.2,PRO.3,1.0190305,False
PRIM,PRIM.3,PRIM.5,1.0195851,False
BART,BART.2,BART.4,1.0211991,False
CAH,CAH.4,CAH.5,1.0235455,False
CAN,CAN.1,CAN.5,1.0237985,False
ATYP,ATYP.1,ATYP.5,1.0238842,False
COM,COM.1,COM.3,1.0242833,False
MOR,MOR.4,MOR.5,1.0250524,False
MOR,MOR.1,MOR.4,1.0268414,False
FANC,FANC.1,FANC.5,1.0270524,False
CYS,CYS.1,CYS.3,1.0274051,False
VAN,VAN.2,VAN.4,1.0278205,False
JOUA,JOUA.2,JOUA.4,1.0284387,False
ODO,ODO.4,ODO.5,1.0285586,False
ALS,ALS.1,ALS.5,1.0290436,False
JOUA,JOUA.2,JOUA.5,1.030002,False
POM,POM.2,POM.3,1.0324563,False
SAND,SAND.2,SAND.3,1.0326338,False
BAR,BAR.2,BAR.3,1.0335631,False
IMMU,IMMU.2,IMMU.4,1.0338141,False
PRO,PRO.2,PRO.5,1.0358386,False
HYPO,HYPO.3,HYPO.4,1.0375719,False
CAH,CAH.1,CAH.4,1.038599,False
ODO,ODO.1,ODO.5,1.0387188,False
HYPO,HYPO.1,HYPO.2,1.039098,False
LEP,LEP.2,LEP.4,1.0397266,False
CYS,CYS.2,CYS.3,1.0406644,False
MARI,MARI.4,MARI.5,1.0407839,False
BAR,BAR.4,BAR.5,1.0418475,False
CAH,CAH.3,CAH.4,1.0419399,False
PRO,PRO.1,PRO.3,1.044437,False
CRIS,CRIS.1,CRIS.4,1.0453571,False
SUL,SUL.3,SUL.5,1.0466385,False
USHB,USHB.3,USHB.4,1.0467409,False
POM,POM.1,POM.5,1.0468361,False
ALS,ALS.1,ALS.3,1.0519538,False
IMMU,IMMU.1,IMMU.2,1.052,False
ALL,ALL.4,ALL.5,1.0535085,False
KAW,KAW.4,KAW.5,1.0553906,False
MAP,MAP.1,MAP.4,1.0560479,False
USHB,USHB.4,USHB.5,1.056442,False
GLU,GLU.2,GLU.5,1.05651,False
LEI,LEI.2,LEI.5,1.0567505,False
KAW,KAW.1,KAW.2,1.057694,False
POM,POM.1,POM.4,1.0579145,False
MARI,MARI.2,MARI.5,1.0581447,False
BART,BART.1,BART.5,1.0615528,False
LEI,LEI.1,LEI.3,1.0619341,False
MAP,MAP.1,MAP.5,1.0644872,False
WOL,WOL.1,WOL.5,1.064539,False
ALS,ALS.1,ALS.4,1.0645915,False
POM,POM.3,POM.4,1.0651846,False
LEP,LEP.2,LEP.7,1.0665028,False
POM,POM.1,POM.3,1.0669596,False
ZEL,ZEL.4,ZEL.5,1.0670091,False
COM,COM.1,COM.2,1.0694344,False
HYPO,HYPO.2,HYPO.3,1.0705452,False
JUV,JUV.1,JUV.4,1.0746225,False
JOUA,JOUA.4,JOUA.5,1.0746827,False
MAP,MAP.1,MAP.3,1.0779183,False
AIC,AIC.1,AIC.3,1.0798941,False
VAN,VAN.1,VAN.4,1.0911175,False
CAN,CAN.1,CAN.3,1.0912727,False
IMMU,IMMU.2,IMMU.5,1.0955912,False
CYS,CYS.2,CYS.5,1.097092,False
CRIS,CRIS.2,CRIS.4,1.097669,False
BAR,BAR.3,BAR.4,1.1025419,False
FANC,FANC.1,FANC.3,1.1122992,False
MAP,MAP.2,MAP.4,1.1154335,False
TYR,TYR.1,TYR.5,1.1158333,False
VAN,VAN.3,VAN.4,1.1229373,False
DOP,DOP.2,DOP.3,1.1303569,False
LEI,LEI.2,LEI.4,1.1573976,False
