omim,disease,hpo_id,freq_value
OMIM:105830,Angelman_syndrome,HP:0000154,0.5
OMIM:105830,Angelman_syndrome,HP:0000327,0.5
OMIM:105830,Angelman_syndrome,HP:0000486,0.5
OMIM:105830,Angelman_syndrome,HP:0000577,0.5
OMIM:108120,arthrogryposis_distal_type_1A,HP:0000160,0.5
OMIM:108120,arthrogryposis_distal_type_1A,HP:0000508,0.5
OMIM:108120,arthrogryposis_distal_type_1A,HP:0033142,0.5
OMIM:115150,cardiofaciocutaneous_syndrome_1,HP:0000179,1.0
OMIM:115150,cardiofaciocutaneous_syndrome_1,HP:0000194,0.5
OMIM:115150,cardiofaciocutaneous_syndrome_1,HP:0000286,0.6842105263157895
OMIM:115150,cardiofaciocutaneous_syndrome_1,HP:0000316,0.7368421052631579
OMIM:115150,cardiofaciocutaneous_syndrome_1,HP:0000325,0.0
OMIM:115150,cardiofaciocutaneous_syndrome_1,HP:0000341,0.7894736842105263
OMIM:115150,cardiofaciocutaneous_syndrome_1,HP:0000343,1.0
OMIM:115150,cardiofaciocutaneous_syndrome_1,HP:0000347,0.5
OMIM:115150,cardiofaciocutaneous_syndrome_1,HP:0000414,1.0
OMIM:115150,cardiofaciocutaneous_syndrome_1,HP:0000463,0.5
OMIM:115150,cardiofaciocutaneous_syndrome_1,HP:0000486,0.47368421052631576
OMIM:115150,cardiofaciocutaneous_syndrome_1,HP:0000494,0.55
OMIM:115150,cardiofaciocutaneous_syndrome_1,HP:0000508,0.65
OMIM:115150,cardiofaciocutaneous_syndrome_1,HP:0003196,1.0
OMIM:115150,cardiofaciocutaneous_syndrome_1,HP:0012471,0.47058823529411764
OMIM:117550,Sotos_syndrome,HP:0000275,1.0
OMIM:117550,Sotos_syndrome,HP:0000276,0.6666666666666666
OMIM:117550,Sotos_syndrome,HP:0000307,0.5
OMIM:117550,Sotos_syndrome,HP:0000316,0.6
OMIM:117550,Sotos_syndrome,HP:0000325,0.6666666666666666
OMIM:117550,Sotos_syndrome,HP:0000337,1.0
OMIM:117550,Sotos_syndrome,HP:0000348,1.0
OMIM:117550,Sotos_syndrome,HP:0000455,1.0
OMIM:117550,Sotos_syndrome,HP:0000463,1.0
OMIM:117550,Sotos_syndrome,HP:0000486,1.0
OMIM:117550,Sotos_syndrome,HP:0000494,0.8
OMIM:117550,Sotos_syndrome,HP:0000565,1.0
OMIM:117550,Sotos_syndrome,HP:0009890,1.0
OMIM:117550,Sotos_syndrome,HP:0009931,1.0
OMIM:117550,Sotos_syndrome,HP:0012801,1.0
OMIM:118450,Alagille_syndrome_due_to_a_JAG1_point_mutation,HP:0000316,1.0
OMIM:118450,Alagille_syndrome_due_to_a_JAG1_point_mutation,HP:0000325,1.0
OMIM:118450,Alagille_syndrome_due_to_a_JAG1_point_mutation,HP:0000337,1.0
OMIM:118450,Alagille_syndrome_due_to_a_JAG1_point_mutation,HP:0000414,1.0
OMIM:118450,Alagille_syndrome_due_to_a_JAG1_point_mutation,HP:0000486,0.5
OMIM:118450,Alagille_syndrome_due_to_a_JAG1_point_mutation,HP:0000582,0.5
OMIM:118450,Alagille_syndrome_due_to_a_JAG1_point_mutation,HP:0003189,1.0
OMIM:122470,Cornelia_de_Lange_syndrome_1,HP:0000204,0.5
OMIM:122470,Cornelia_de_Lange_syndrome_1,HP:0000219,0.8181818181818182
OMIM:122470,Cornelia_de_Lange_syndrome_1,HP:0000294,0.75
OMIM:122470,Cornelia_de_Lange_syndrome_1,HP:0000341,0.14285714285714285
OMIM:122470,Cornelia_de_Lange_syndrome_1,HP:0000343,0.8043478260869565
OMIM:122470,Cornelia_de_Lange_syndrome_1,HP:0000347,0.5869565217391305
OMIM:122470,Cornelia_de_Lange_syndrome_1,HP:0000455,0.8571428571428571
OMIM:122470,Cornelia_de_Lange_syndrome_1,HP:0000463,0.7804878048780488
OMIM:122470,Cornelia_de_Lange_syndrome_1,HP:0000486,0.5
OMIM:122470,Cornelia_de_Lange_syndrome_1,HP:0000508,0.09375
OMIM:122470,Cornelia_de_Lange_syndrome_1,HP:0000574,1.0
OMIM:122470,Cornelia_de_Lange_syndrome_1,HP:0000664,0.9387755102040817
OMIM:122470,Cornelia_de_Lange_syndrome_1,HP:0002553,0.9473684210526315
OMIM:122470,Cornelia_de_Lange_syndrome_1,HP:0002714,0.8095238095238095
OMIM:122470,Cornelia_de_Lange_syndrome_1,HP:0003196,0.8181818181818182
OMIM:122470,Cornelia_de_Lange_syndrome_1,HP:0410030,0.0
OMIM:123500,Crouzon_syndrome,HP:0000316,1.0
OMIM:123500,Crouzon_syndrome,HP:0000327,0.5
OMIM:123500,Crouzon_syndrome,HP:0000486,0.5
OMIM:123700,cutis_laxa_autosomal_dominant_1,HP:0000343,0.25
OMIM:130000,Ehlers-Danlos_syndrome_classic_type_1,HP:0000286,0.5
OMIM:130000,Ehlers-Danlos_syndrome_classic_type_1,HP:0002010,0.5
OMIM:135900,Coffin-Siris_syndrome_1,HP:0000154,0.1111111111111111
OMIM:135900,Coffin-Siris_syndrome_1,HP:0000179,0.5
OMIM:135900,Coffin-Siris_syndrome_1,HP:0000219,0.6666666666666666
OMIM:135900,Coffin-Siris_syndrome_1,HP:0000316,0.1111111111111111
OMIM:135900,Coffin-Siris_syndrome_1,HP:0000322,0.5
OMIM:135900,Coffin-Siris_syndrome_1,HP:0000331,0.5
OMIM:135900,Coffin-Siris_syndrome_1,HP:0000343,0.1111111111111111
OMIM:135900,Coffin-Siris_syndrome_1,HP:0000455,0.6666666666666666
OMIM:135900,Coffin-Siris_syndrome_1,HP:0000486,0.3333333333333333
OMIM:135900,Coffin-Siris_syndrome_1,HP:0000494,0.4444444444444444
OMIM:135900,Coffin-Siris_syndrome_1,HP:0000508,0.5
OMIM:135900,Coffin-Siris_syndrome_1,HP:0000574,0.5
OMIM:135900,Coffin-Siris_syndrome_1,HP:0000601,0.5
OMIM:136140,Floating-Harbor_syndrome,HP:0000154,0.9230769230769231
OMIM:136140,Floating-Harbor_syndrome,HP:0000219,0.7142857142857143
OMIM:136140,Floating-Harbor_syndrome,HP:0000322,0.8571428571428571
OMIM:136140,Floating-Harbor_syndrome,HP:0000325,0.9166666666666666
OMIM:136140,Floating-Harbor_syndrome,HP:0000414,1.0
OMIM:136140,Floating-Harbor_syndrome,HP:0000430,1.0
OMIM:136140,Floating-Harbor_syndrome,HP:0000486,0.07692307692307693
OMIM:136140,Floating-Harbor_syndrome,HP:0002714,0.5
OMIM:136140,Floating-Harbor_syndrome,HP:0009765,1.0
OMIM:147920,Kabuki_syndrome_1,HP:0000161,0.5
OMIM:147920,Kabuki_syndrome_1,HP:0000179,1.0
OMIM:147920,Kabuki_syndrome_1,HP:0000215,0.0
OMIM:147920,Kabuki_syndrome_1,HP:0000219,0.7
OMIM:147920,Kabuki_syndrome_1,HP:0000233,1.0
OMIM:147920,Kabuki_syndrome_1,HP:0000286,0.16666666666666666
OMIM:147920,Kabuki_syndrome_1,HP:0000316,0.2857142857142857
OMIM:147920,Kabuki_syndrome_1,HP:0000347,0.5
OMIM:147920,Kabuki_syndrome_1,HP:0000348,0.5454545454545454
OMIM:147920,Kabuki_syndrome_1,HP:0000430,0.6666666666666666
OMIM:147920,Kabuki_syndrome_1,HP:0000431,0.8235294117647058
OMIM:147920,Kabuki_syndrome_1,HP:0000437,0.7755102040816326
OMIM:147920,Kabuki_syndrome_1,HP:0000445,1.0
OMIM:147920,Kabuki_syndrome_1,HP:0000463,1.0
OMIM:147920,Kabuki_syndrome_1,HP:0000486,0.25
OMIM:147920,Kabuki_syndrome_1,HP:0000494,1.0
OMIM:147920,Kabuki_syndrome_1,HP:0000506,1.0
OMIM:147920,Kabuki_syndrome_1,HP:0000508,0.1111111111111111
OMIM:147920,Kabuki_syndrome_1,HP:0000601,1.0
OMIM:147920,Kabuki_syndrome_1,HP:0000637,0.8709677419354839
OMIM:147920,Kabuki_syndrome_1,HP:0001488,1.0
OMIM:147920,Kabuki_syndrome_1,HP:0002553,0.7333333333333333
OMIM:147920,Kabuki_syndrome_1,HP:0003196,1.0
OMIM:147920,Kabuki_syndrome_1,HP:0007655,0.8636363636363636
OMIM:147920,Kabuki_syndrome_1,HP:0010804,1.0
OMIM:147920,Kabuki_syndrome_1,HP:0012806,0.5
OMIM:148050,KBG_syndrome,HP:0000294,0.8571428571428571
OMIM:148050,KBG_syndrome,HP:0000307,0.2857142857142857
OMIM:148050,KBG_syndrome,HP:0000311,0.5
OMIM:148050,KBG_syndrome,HP:0000316,0.8571428571428571
OMIM:148050,KBG_syndrome,HP:0000325,1.0
OMIM:148050,KBG_syndrome,HP:0000343,1.0
OMIM:148050,KBG_syndrome,HP:0000430,0.5
OMIM:148050,KBG_syndrome,HP:0000463,1.0
OMIM:148050,KBG_syndrome,HP:0000494,0.14285714285714285
OMIM:148050,KBG_syndrome,HP:0000506,0.5
OMIM:148050,KBG_syndrome,HP:0000508,0.8571428571428571
OMIM:148050,KBG_syndrome,HP:0000574,0.5
OMIM:148050,KBG_syndrome,HP:0000637,0.8571428571428571
OMIM:148050,KBG_syndrome,HP:0000664,0.7142857142857143
OMIM:148050,KBG_syndrome,HP:0010804,0.14285714285714285
OMIM:154500,Treacher_Collins_syndrome_1,HP:0000154,0.5
OMIM:154500,Treacher_Collins_syndrome_1,HP:0000160,0.5
OMIM:154500,Treacher_Collins_syndrome_1,HP:0000272,0.9866666666666667
OMIM:154500,Treacher_Collins_syndrome_1,HP:0000347,1.0
OMIM:154500,Treacher_Collins_syndrome_1,HP:0000486,0.5
OMIM:154500,Treacher_Collins_syndrome_1,HP:0000494,1.0
OMIM:154500,Treacher_Collins_syndrome_1,HP:0000508,0.5
OMIM:154500,Treacher_Collins_syndrome_1,HP:0007633,0.5
OMIM:163950,Noonan_syndrome_1,HP:0000286,0.5357142857142857
OMIM:163950,Noonan_syndrome_1,HP:0000316,0.5037037037037037
OMIM:163950,Noonan_syndrome_1,HP:0000325,0.5
OMIM:163950,Noonan_syndrome_1,HP:0000337,0.3177570093457944
OMIM:163950,Noonan_syndrome_1,HP:0000347,0.5
OMIM:163950,Noonan_syndrome_1,HP:0000494,0.6785714285714286
OMIM:163950,Noonan_syndrome_1,HP:0000508,0.5661764705882353
OMIM:176270,Prader-Willi_syndrome,HP:0000219,0.75
OMIM:176270,Prader-Willi_syndrome,HP:0000341,0.55
OMIM:176270,Prader-Willi_syndrome,HP:0000446,0.55
OMIM:176270,Prader-Willi_syndrome,HP:0000486,0.5
OMIM:176270,Prader-Willi_syndrome,HP:0000565,0.17
OMIM:176270,Prader-Willi_syndrome,HP:0000582,0.17
OMIM:176270,Prader-Willi_syndrome,HP:0002714,0.55
OMIM:176270,Prader-Willi_syndrome,HP:0007874,0.55
OMIM:176670,Hutchinson-Gilford_progeria_syndrome,HP:0000272,0.5
OMIM:176670,Hutchinson-Gilford_progeria_syndrome,HP:0000347,0.5
OMIM:180849,Rubinstein-Taybi_syndrome_due_to_CREBBP_mutations,HP:0000160,1.0
OMIM:180849,Rubinstein-Taybi_syndrome_due_to_CREBBP_mutations,HP:0000219,1.0
OMIM:180849,Rubinstein-Taybi_syndrome_due_to_CREBBP_mutations,HP:0000286,0.5
OMIM:180849,Rubinstein-Taybi_syndrome_due_to_CREBBP_mutations,HP:0000294,0.8823529411764706
OMIM:180849,Rubinstein-Taybi_syndrome_due_to_CREBBP_mutations,HP:0000316,1.0
OMIM:180849,Rubinstein-Taybi_syndrome_due_to_CREBBP_mutations,HP:0000327,1.0
OMIM:180849,Rubinstein-Taybi_syndrome_due_to_CREBBP_mutations,HP:0000347,0.7142857142857143
OMIM:180849,Rubinstein-Taybi_syndrome_due_to_CREBBP_mutations,HP:0000431,1.0
OMIM:180849,Rubinstein-Taybi_syndrome_due_to_CREBBP_mutations,HP:0000486,1.0
OMIM:180849,Rubinstein-Taybi_syndrome_due_to_CREBBP_mutations,HP:0000494,1.0
OMIM:180849,Rubinstein-Taybi_syndrome_due_to_CREBBP_mutations,HP:0000508,0.5
OMIM:180849,Rubinstein-Taybi_syndrome_due_to_CREBBP_mutations,HP:0000574,0.5
OMIM:180849,Rubinstein-Taybi_syndrome_due_to_CREBBP_mutations,HP:0002000,1.0
OMIM:180849,Rubinstein-Taybi_syndrome_due_to_CREBBP_mutations,HP:0002553,1.0
OMIM:180849,Rubinstein-Taybi_syndrome_due_to_CREBBP_mutations,HP:0009765,1.0
OMIM:180849,Rubinstein-Taybi_syndrome_due_to_CREBBP_mutations,HP:0011229,1.0
OMIM:182290,Smith-Magenis_syndrome,HP:0000202,0.17
OMIM:182290,Smith-Magenis_syndrome,HP:0000272,0.9230769230769231
OMIM:182290,Smith-Magenis_syndrome,HP:0000283,0.5833333333333334
OMIM:182290,Smith-Magenis_syndrome,HP:0000321,1.0
OMIM:182290,Smith-Magenis_syndrome,HP:0000431,0.8846153846153846
OMIM:182290,Smith-Magenis_syndrome,HP:0000486,1.0
OMIM:182290,Smith-Magenis_syndrome,HP:0000582,0.5
OMIM:182290,Smith-Magenis_syndrome,HP:0000664,0.5
OMIM:182290,Smith-Magenis_syndrome,HP:0002714,0.5
OMIM:182290,Smith-Magenis_syndrome,HP:0010803,0.55
OMIM:194050,Williams_syndrome,HP:0000179,0.55
OMIM:194050,Williams_syndrome,HP:0000194,0.55
OMIM:194050,Williams_syndrome,HP:0000272,0.17
OMIM:194050,Williams_syndrome,HP:0000286,0.55
OMIM:194050,Williams_syndrome,HP:0000293,0.55
OMIM:194050,Williams_syndrome,HP:0000341,0.55
OMIM:194050,Williams_syndrome,HP:0000343,0.5
OMIM:194050,Williams_syndrome,HP:0000455,0.55
OMIM:194050,Williams_syndrome,HP:0000463,0.55
OMIM:194050,Williams_syndrome,HP:0000486,0.55
OMIM:194050,Williams_syndrome,HP:0000581,0.55
OMIM:194050,Williams_syndrome,HP:0000601,0.17
OMIM:194050,Williams_syndrome,HP:0003196,0.55
OMIM:194050,Williams_syndrome,HP:0010747,0.55
OMIM:213300,Joubert_syndrome_1,HP:0000286,0.5
OMIM:213300,Joubert_syndrome_1,HP:0000463,0.5
OMIM:213300,Joubert_syndrome_1,HP:0000486,1.0
OMIM:213300,Joubert_syndrome_1,HP:0000508,1.0
OMIM:213300,Joubert_syndrome_1,HP:0002553,0.5
OMIM:213300,Joubert_syndrome_1,HP:0200096,0.5
OMIM:216550,Cohen_syndrome,HP:0000194,0.5
OMIM:216550,Cohen_syndrome,HP:0000322,1.0
OMIM:216550,Cohen_syndrome,HP:0000327,0.5
OMIM:216550,Cohen_syndrome,HP:0000347,1.0
OMIM:216550,Cohen_syndrome,HP:0000494,1.0
OMIM:216550,Cohen_syndrome,HP:0000574,1.0
OMIM:216550,Cohen_syndrome,HP:0012471,1.0
OMIM:218040,Costello_syndrome,HP:0000179,0.5
OMIM:218040,Costello_syndrome,HP:0000286,0.5
OMIM:218040,Costello_syndrome,HP:0000293,0.5
OMIM:218040,Costello_syndrome,HP:0000307,0.5
OMIM:218040,Costello_syndrome,HP:0000316,0.5
OMIM:218040,Costello_syndrome,HP:0000347,0.5
OMIM:218040,Costello_syndrome,HP:0000463,0.5
OMIM:218040,Costello_syndrome,HP:0000486,0.5
OMIM:218040,Costello_syndrome,HP:0000494,0.5
OMIM:218040,Costello_syndrome,HP:0000508,0.5
OMIM:235730,Mowat-Wilson_syndrome,HP:0000307,0.5
OMIM:235730,Mowat-Wilson_syndrome,HP:0000316,0.5
OMIM:235730,Mowat-Wilson_syndrome,HP:0000431,0.5
OMIM:235730,Mowat-Wilson_syndrome,HP:0000486,0.568
OMIM:235730,Mowat-Wilson_syndrome,HP:0000494,0.5
OMIM:235730,Mowat-Wilson_syndrome,HP:0000508,0.5
OMIM:235730,Mowat-Wilson_syndrome,HP:0000565,0.5
OMIM:235730,Mowat-Wilson_syndrome,HP:0000568,0.5
OMIM:235730,Mowat-Wilson_syndrome,HP:0009765,1.0
OMIM:235730,Mowat-Wilson_syndrome,HP:0011229,0.5
OMIM:236100,holoprosencephaly_1,HP:0000161,0.5
OMIM:236100,holoprosencephaly_1,HP:0000568,0.5
OMIM:236100,holoprosencephaly_1,HP:0000601,0.5
OMIM:236100,holoprosencephaly_1,HP:0002006,0.5
OMIM:236100,holoprosencephaly_1,HP:0009927,0.5
OMIM:236100,holoprosencephaly_1,HP:0012806,0.5
OMIM:239300,hyperphosphatasia_with_intellectual_disability_syndrome_1,HP:0000204,0.14285714285714285
OMIM:239300,hyperphosphatasia_with_intellectual_disability_syndrome_1,HP:0000219,0.55
OMIM:239300,hyperphosphatasia_with_intellectual_disability_syndrome_1,HP:0000272,0.5
OMIM:239300,hyperphosphatasia_with_intellectual_disability_syndrome_1,HP:0000316,0.8571428571428571
OMIM:239300,hyperphosphatasia_with_intellectual_disability_syndrome_1,HP:0000322,0.5
OMIM:239300,hyperphosphatasia_with_intellectual_disability_syndrome_1,HP:0000431,0.8571428571428571
OMIM:239300,hyperphosphatasia_with_intellectual_disability_syndrome_1,HP:0000455,0.8571428571428571
OMIM:239300,hyperphosphatasia_with_intellectual_disability_syndrome_1,HP:0000582,0.55
OMIM:239300,hyperphosphatasia_with_intellectual_disability_syndrome_1,HP:0000637,0.55
OMIM:239300,hyperphosphatasia_with_intellectual_disability_syndrome_1,HP:0001090,0.55
OMIM:239300,hyperphosphatasia_with_intellectual_disability_syndrome_1,HP:0002553,0.5
OMIM:239300,hyperphosphatasia_with_intellectual_disability_syndrome_1,HP:0002714,0.8571428571428571
OMIM:239300,hyperphosphatasia_with_intellectual_disability_syndrome_1,HP:0003196,0.5
OMIM:239300,hyperphosphatasia_with_intellectual_disability_syndrome_1,HP:0010804,0.5
OMIM:243310,Baraitser-Winter_syndrome_1,HP:0000154,0.5
OMIM:243310,Baraitser-Winter_syndrome_1,HP:0000202,0.17
OMIM:243310,Baraitser-Winter_syndrome_1,HP:0000204,0.17
OMIM:243310,Baraitser-Winter_syndrome_1,HP:0000219,1.0
OMIM:243310,Baraitser-Winter_syndrome_1,HP:0000243,0.5
OMIM:243310,Baraitser-Winter_syndrome_1,HP:0000286,0.5
OMIM:243310,Baraitser-Winter_syndrome_1,HP:0000307,0.5
OMIM:243310,Baraitser-Winter_syndrome_1,HP:0000316,0.5
OMIM:243310,Baraitser-Winter_syndrome_1,HP:0000343,0.5
OMIM:243310,Baraitser-Winter_syndrome_1,HP:0000431,0.5
OMIM:243310,Baraitser-Winter_syndrome_1,HP:0000463,0.5
OMIM:243310,Baraitser-Winter_syndrome_1,HP:0000508,0.5
OMIM:243310,Baraitser-Winter_syndrome_1,HP:0000568,0.17
OMIM:243310,Baraitser-Winter_syndrome_1,HP:0000637,0.5
OMIM:243310,Baraitser-Winter_syndrome_1,HP:0002553,0.17
OMIM:243310,Baraitser-Winter_syndrome_1,HP:0003196,0.5
OMIM:252500,mucolipidosis_type_II,HP:0000154,0.14285714285714285
OMIM:252500,mucolipidosis_type_II,HP:0000243,0.14285714285714285
OMIM:252500,mucolipidosis_type_II,HP:0000286,0.5
OMIM:252500,mucolipidosis_type_II,HP:0000316,0.14285714285714285
OMIM:252500,mucolipidosis_type_II,HP:0000341,0.5
OMIM:252500,mucolipidosis_type_II,HP:0000343,0.5
OMIM:252500,mucolipidosis_type_II,HP:0000347,0.14285714285714285
OMIM:252500,mucolipidosis_type_II,HP:0000348,0.14285714285714285
OMIM:252500,mucolipidosis_type_II,HP:0000463,0.5
OMIM:268310,autosomal_recessive_Robinow_syndrome,HP:0000154,0.5
OMIM:268310,autosomal_recessive_Robinow_syndrome,HP:0000202,0.22727272727272727
OMIM:268310,autosomal_recessive_Robinow_syndrome,HP:0000207,0.7083333333333334
OMIM:268310,autosomal_recessive_Robinow_syndrome,HP:0000219,0.5909090909090909
OMIM:268310,autosomal_recessive_Robinow_syndrome,HP:0000272,0.5
OMIM:268310,autosomal_recessive_Robinow_syndrome,HP:0000286,0.3181818181818182
OMIM:268310,autosomal_recessive_Robinow_syndrome,HP:0000316,0.9583333333333334
OMIM:268310,autosomal_recessive_Robinow_syndrome,HP:0000322,0.2727272727272727
OMIM:268310,autosomal_recessive_Robinow_syndrome,HP:0000343,0.5
OMIM:268310,autosomal_recessive_Robinow_syndrome,HP:0000347,0.6818181818181818
OMIM:268310,autosomal_recessive_Robinow_syndrome,HP:0000431,0.9545454545454546
OMIM:268310,autosomal_recessive_Robinow_syndrome,HP:0000463,0.9166666666666666
OMIM:268310,autosomal_recessive_Robinow_syndrome,HP:0000486,0.19047619047619047
OMIM:268310,autosomal_recessive_Robinow_syndrome,HP:0000494,0.3181818181818182
OMIM:268310,autosomal_recessive_Robinow_syndrome,HP:0000508,0.13636363636363635
OMIM:268310,autosomal_recessive_Robinow_syndrome,HP:0000582,0.5
OMIM:268310,autosomal_recessive_Robinow_syndrome,HP:0000637,0.6818181818181818
OMIM:268310,autosomal_recessive_Robinow_syndrome,HP:0002714,0.7727272727272727
OMIM:268310,autosomal_recessive_Robinow_syndrome,HP:0003196,1.0
OMIM:268310,autosomal_recessive_Robinow_syndrome,HP:0010804,0.5
OMIM:270400,Smith-Lemli-Opitz_syndrome,HP:0000286,1.0
OMIM:270400,Smith-Lemli-Opitz_syndrome,HP:0000316,1.0
OMIM:270400,Smith-Lemli-Opitz_syndrome,HP:0000341,0.5
OMIM:270400,Smith-Lemli-Opitz_syndrome,HP:0000343,0.5
OMIM:270400,Smith-Lemli-Opitz_syndrome,HP:0000347,0.5
OMIM:270400,Smith-Lemli-Opitz_syndrome,HP:0000431,0.5
OMIM:270400,Smith-Lemli-Opitz_syndrome,HP:0000463,1.0
OMIM:270400,Smith-Lemli-Opitz_syndrome,HP:0000486,0.5
OMIM:270400,Smith-Lemli-Opitz_syndrome,HP:0000508,1.0
OMIM:277590,Weaver_syndrome,HP:0000286,0.5
OMIM:277590,Weaver_syndrome,HP:0000311,0.5
OMIM:277590,Weaver_syndrome,HP:0000316,0.6666666666666666
OMIM:277590,Weaver_syndrome,HP:0000343,1.0
OMIM:277590,Weaver_syndrome,HP:0000486,0.5
OMIM:277590,Weaver_syndrome,HP:0000494,1.0
OMIM:300624,fragile_X_syndrome,HP:0000276,0.38461538461538464
OMIM:300624,fragile_X_syndrome,HP:0002003,0.23076923076923078
OMIM:300855,Ogden_syndrome,HP:0000215,0.5
OMIM:300855,Ogden_syndrome,HP:0000219,0.5
OMIM:300855,Ogden_syndrome,HP:0000233,0.125
OMIM:300855,Ogden_syndrome,HP:0000286,0.5
OMIM:300855,Ogden_syndrome,HP:0000316,0.375
OMIM:300855,Ogden_syndrome,HP:0000322,0.125
OMIM:300855,Ogden_syndrome,HP:0000337,0.125
OMIM:300855,Ogden_syndrome,HP:0000343,0.25
OMIM:300855,Ogden_syndrome,HP:0000347,0.125
OMIM:300855,Ogden_syndrome,HP:0000348,0.125
OMIM:300855,Ogden_syndrome,HP:0000430,0.5
OMIM:300855,Ogden_syndrome,HP:0000431,0.5
OMIM:300855,Ogden_syndrome,HP:0000437,0.125
OMIM:300855,Ogden_syndrome,HP:0000454,0.375
OMIM:300855,Ogden_syndrome,HP:0000456,0.125
OMIM:300855,Ogden_syndrome,HP:0000494,0.375
OMIM:300855,Ogden_syndrome,HP:0001488,0.125
OMIM:300855,Ogden_syndrome,HP:0002000,0.125
OMIM:300855,Ogden_syndrome,HP:0003196,0.25
OMIM:300855,Ogden_syndrome,HP:0010803,0.5
OMIM:300966,intellectual_disability_X-linked_syndromic_33,HP:0000219,0.45454545454545453
OMIM:300966,intellectual_disability_X-linked_syndromic_33,HP:0000276,0.7
OMIM:300966,intellectual_disability_X-linked_syndromic_33,HP:0000307,0.6363636363636364
OMIM:300966,intellectual_disability_X-linked_syndromic_33,HP:0000316,0.36363636363636365
OMIM:300966,intellectual_disability_X-linked_syndromic_33,HP:0000343,0.7
OMIM:300966,intellectual_disability_X-linked_syndromic_33,HP:0000414,0.5
OMIM:300966,intellectual_disability_X-linked_syndromic_33,HP:0000437,0.5
OMIM:300966,intellectual_disability_X-linked_syndromic_33,HP:0000455,0.5
OMIM:300966,intellectual_disability_X-linked_syndromic_33,HP:0000463,0.7272727272727273
OMIM:300966,intellectual_disability_X-linked_syndromic_33,HP:0000486,0.6666666666666666
OMIM:300966,intellectual_disability_X-linked_syndromic_33,HP:0000494,0.7
OMIM:300966,intellectual_disability_X-linked_syndromic_33,HP:0000664,0.5
OMIM:300966,intellectual_disability_X-linked_syndromic_33,HP:0011822,0.5
OMIM:601358,intellectual_disability-sparse_hair-brachydactyly_syndrome,HP:0000154,0.9444444444444444
OMIM:601358,intellectual_disability-sparse_hair-brachydactyly_syndrome,HP:0000179,0.8888888888888888
OMIM:601358,intellectual_disability-sparse_hair-brachydactyly_syndrome,HP:0000219,0.7435897435897436
OMIM:601358,intellectual_disability-sparse_hair-brachydactyly_syndrome,HP:0000232,0.5
OMIM:601358,intellectual_disability-sparse_hair-brachydactyly_syndrome,HP:0000289,0.8611111111111112
OMIM:601358,intellectual_disability-sparse_hair-brachydactyly_syndrome,HP:0000294,0.3333333333333333
OMIM:601358,intellectual_disability-sparse_hair-brachydactyly_syndrome,HP:0000325,1.0
OMIM:601358,intellectual_disability-sparse_hair-brachydactyly_syndrome,HP:0000343,0.7692307692307693
OMIM:601358,intellectual_disability-sparse_hair-brachydactyly_syndrome,HP:0000414,0.3333333333333333
OMIM:601358,intellectual_disability-sparse_hair-brachydactyly_syndrome,HP:0000446,0.3333333333333333
OMIM:601358,intellectual_disability-sparse_hair-brachydactyly_syndrome,HP:0000463,0.8461538461538461
OMIM:601358,intellectual_disability-sparse_hair-brachydactyly_syndrome,HP:0000494,0.3333333333333333
OMIM:601358,intellectual_disability-sparse_hair-brachydactyly_syndrome,HP:0003196,0.3333333333333333
OMIM:601358,intellectual_disability-sparse_hair-brachydactyly_syndrome,HP:0007946,0.5
OMIM:601358,intellectual_disability-sparse_hair-brachydactyly_syndrome,HP:0009765,0.3333333333333333
OMIM:601358,intellectual_disability-sparse_hair-brachydactyly_syndrome,HP:0012810,0.5
OMIM:601358,intellectual_disability-sparse_hair-brachydactyly_syndrome,HP:0045025,0.5
OMIM:603736,blepharophimosis_-_intellectual_disability_syndrome_SBBYS_type,HP:0000219,0.5
OMIM:603736,blepharophimosis_-_intellectual_disability_syndrome_SBBYS_type,HP:0000347,0.5
OMIM:603736,blepharophimosis_-_intellectual_disability_syndrome_SBBYS_type,HP:0000414,0.5
OMIM:603736,blepharophimosis_-_intellectual_disability_syndrome_SBBYS_type,HP:0000537,0.5
OMIM:603736,blepharophimosis_-_intellectual_disability_syndrome_SBBYS_type,HP:0000581,0.5
OMIM:605130,Wiedemann-Steiner_syndrome,HP:0000219,0.6363636363636364
OMIM:605130,Wiedemann-Steiner_syndrome,HP:0000286,0.4
OMIM:605130,Wiedemann-Steiner_syndrome,HP:0000316,0.5
OMIM:605130,Wiedemann-Steiner_syndrome,HP:0000343,0.5
OMIM:605130,Wiedemann-Steiner_syndrome,HP:0000347,0.6
OMIM:605130,Wiedemann-Steiner_syndrome,HP:0000414,1.0
OMIM:605130,Wiedemann-Steiner_syndrome,HP:0000431,0.8181818181818182
OMIM:605130,Wiedemann-Steiner_syndrome,HP:0000437,0.8
OMIM:605130,Wiedemann-Steiner_syndrome,HP:0000445,0.5
OMIM:605130,Wiedemann-Steiner_syndrome,HP:0000455,0.75
OMIM:605130,Wiedemann-Steiner_syndrome,HP:0000486,0.4
OMIM:605130,Wiedemann-Steiner_syndrome,HP:0000494,0.8333333333333334
OMIM:605130,Wiedemann-Steiner_syndrome,HP:0000574,0.9166666666666666
OMIM:605130,Wiedemann-Steiner_syndrome,HP:0000581,0.5
OMIM:605130,Wiedemann-Steiner_syndrome,HP:0000637,0.4
OMIM:605130,Wiedemann-Steiner_syndrome,HP:0000664,1.0
OMIM:605130,Wiedemann-Steiner_syndrome,HP:0002000,0.5
OMIM:605130,Wiedemann-Steiner_syndrome,HP:0002263,0.5454545454545454
OMIM:605130,Wiedemann-Steiner_syndrome,HP:0002553,0.6666666666666666
OMIM:605130,Wiedemann-Steiner_syndrome,HP:0007655,0.4
OMIM:605130,Wiedemann-Steiner_syndrome,HP:0007933,0.36363636363636365
OMIM:605130,Wiedemann-Steiner_syndrome,HP:0012745,0.1
OMIM:605130,Wiedemann-Steiner_syndrome,HP:0031623,0.4
OMIM:605130,Wiedemann-Steiner_syndrome,HP:0045025,0.7272727272727273
OMIM:607014,Hurler_syndrome,HP:0000293,0.5
OMIM:607014,Hurler_syndrome,HP:0000316,1.0
OMIM:607014,Hurler_syndrome,HP:0000431,1.0
OMIM:607014,Hurler_syndrome,HP:0000455,0.5
OMIM:607014,Hurler_syndrome,HP:0000463,0.5
OMIM:607014,Hurler_syndrome,HP:0001488,1.0
OMIM:607014,Hurler_syndrome,HP:0012471,1.0
OMIM:610253,Kleefstra_syndrome_1,HP:0000232,0.55
OMIM:610253,Kleefstra_syndrome_1,HP:0000272,0.55
OMIM:610253,Kleefstra_syndrome_1,HP:0000316,0.55
OMIM:610253,Kleefstra_syndrome_1,HP:0000463,0.55
OMIM:610253,Kleefstra_syndrome_1,HP:0000486,0.3157894736842105
OMIM:610253,Kleefstra_syndrome_1,HP:0000582,0.55
OMIM:610253,Kleefstra_syndrome_1,HP:0000664,0.55
OMIM:610253,Kleefstra_syndrome_1,HP:0010806,0.55
OMIM:610443,Koolen-de_Vries_syndrome,HP:0000194,0.5
OMIM:610443,Koolen-de_Vries_syndrome,HP:0000204,0.5
OMIM:610443,Koolen-de_Vries_syndrome,HP:0000232,0.55
OMIM:610443,Koolen-de_Vries_syndrome,HP:0000276,0.6363636363636364
OMIM:610443,Koolen-de_Vries_syndrome,HP:0000286,0.6818181818181818
OMIM:610443,Koolen-de_Vries_syndrome,HP:0000337,0.6818181818181818
OMIM:610443,Koolen-de_Vries_syndrome,HP:0000348,0.6818181818181818
OMIM:610443,Koolen-de_Vries_syndrome,HP:0000414,0.9523809523809523
OMIM:610443,Koolen-de_Vries_syndrome,HP:0000447,0.8181818181818182
OMIM:610443,Koolen-de_Vries_syndrome,HP:0000486,0.45454545454545453
OMIM:610443,Koolen-de_Vries_syndrome,HP:0000508,0.5
OMIM:610443,Koolen-de_Vries_syndrome,HP:0000581,0.36363636363636365
OMIM:610443,Koolen-de_Vries_syndrome,HP:0000582,0.6818181818181818
OMIM:610443,Koolen-de_Vries_syndrome,HP:0000601,0.17
OMIM:610443,Koolen-de_Vries_syndrome,HP:0011822,0.4090909090909091
OMIM:610954,Pitt-Hopkins_syndrome,HP:0000154,1.0
OMIM:610954,Pitt-Hopkins_syndrome,HP:0000194,0.5
OMIM:610954,Pitt-Hopkins_syndrome,HP:0000293,0.5
OMIM:610954,Pitt-Hopkins_syndrome,HP:0000322,0.5
OMIM:610954,Pitt-Hopkins_syndrome,HP:0000341,0.5
OMIM:610954,Pitt-Hopkins_syndrome,HP:0000431,0.5
OMIM:610954,Pitt-Hopkins_syndrome,HP:0000454,1.0
OMIM:610954,Pitt-Hopkins_syndrome,HP:0000486,0.6
OMIM:610954,Pitt-Hopkins_syndrome,HP:0000582,0.5
OMIM:612621,intellectual_disability_autosomal_dominant_5,HP:0000486,0.3333333333333333
OMIM:615547,Schaaf-Yang_syndrome,HP:0000194,0.5
OMIM:615547,Schaaf-Yang_syndrome,HP:0000341,0.25
OMIM:615547,Schaaf-Yang_syndrome,HP:0000565,0.5
OMIM:615547,Schaaf-Yang_syndrome,HP:0000574,0.5
OMIM:615547,Schaaf-Yang_syndrome,HP:0012745,0.5
OMIM:615873,ADNP-related_multiple_congenital_anomalies_-_intellectual_disability_-_autism_spectrum_disorder,HP:0000154,0.21212121212121213
OMIM:615873,ADNP-related_multiple_congenital_anomalies_-_intellectual_disability_-_autism_spectrum_disorder,HP:0000179,0.36363636363636365
OMIM:615873,ADNP-related_multiple_congenital_anomalies_-_intellectual_disability_-_autism_spectrum_disorder,HP:0000219,0.6621621621621622
OMIM:615873,ADNP-related_multiple_congenital_anomalies_-_intellectual_disability_-_autism_spectrum_disorder,HP:0000232,0.45454545454545453
OMIM:615873,ADNP-related_multiple_congenital_anomalies_-_intellectual_disability_-_autism_spectrum_disorder,HP:0000233,0.1
OMIM:615873,ADNP-related_multiple_congenital_anomalies_-_intellectual_disability_-_autism_spectrum_disorder,HP:0000276,0.1
OMIM:615873,ADNP-related_multiple_congenital_anomalies_-_intellectual_disability_-_autism_spectrum_disorder,HP:0000283,0.1
OMIM:615873,ADNP-related_multiple_congenital_anomalies_-_intellectual_disability_-_autism_spectrum_disorder,HP:0000286,0.1
OMIM:615873,ADNP-related_multiple_congenital_anomalies_-_intellectual_disability_-_autism_spectrum_disorder,HP:0000316,0.1
OMIM:615873,ADNP-related_multiple_congenital_anomalies_-_intellectual_disability_-_autism_spectrum_disorder,HP:0000331,0.1
OMIM:615873,ADNP-related_multiple_congenital_anomalies_-_intellectual_disability_-_autism_spectrum_disorder,HP:0000343,0.39285714285714285
OMIM:615873,ADNP-related_multiple_congenital_anomalies_-_intellectual_disability_-_autism_spectrum_disorder,HP:0000431,0.4473684210526316
OMIM:615873,ADNP-related_multiple_congenital_anomalies_-_intellectual_disability_-_autism_spectrum_disorder,HP:0000455,0.2631578947368421
OMIM:615873,ADNP-related_multiple_congenital_anomalies_-_intellectual_disability_-_autism_spectrum_disorder,HP:0000463,0.4666666666666667
OMIM:615873,ADNP-related_multiple_congenital_anomalies_-_intellectual_disability_-_autism_spectrum_disorder,HP:0000486,0.1
OMIM:615873,ADNP-related_multiple_congenital_anomalies_-_intellectual_disability_-_autism_spectrum_disorder,HP:0000494,0.32857142857142857
OMIM:615873,ADNP-related_multiple_congenital_anomalies_-_intellectual_disability_-_autism_spectrum_disorder,HP:0000508,0.1
OMIM:615873,ADNP-related_multiple_congenital_anomalies_-_intellectual_disability_-_autism_spectrum_disorder,HP:0000582,0.2
OMIM:615873,ADNP-related_multiple_congenital_anomalies_-_intellectual_disability_-_autism_spectrum_disorder,HP:0001488,0.1
OMIM:615873,ADNP-related_multiple_congenital_anomalies_-_intellectual_disability_-_autism_spectrum_disorder,HP:0003196,0.4383561643835616
OMIM:615873,ADNP-related_multiple_congenital_anomalies_-_intellectual_disability_-_autism_spectrum_disorder,HP:0007651,0.1
OMIM:615873,ADNP-related_multiple_congenital_anomalies_-_intellectual_disability_-_autism_spectrum_disorder,HP:0009890,0.5
OMIM:615873,ADNP-related_multiple_congenital_anomalies_-_intellectual_disability_-_autism_spectrum_disorder,HP:0012745,0.1
OMIM:615873,ADNP-related_multiple_congenital_anomalies_-_intellectual_disability_-_autism_spectrum_disorder,HP:0045025,0.2413793103448276
OMIM:616268,autosomal_dominant_intellectual_disability-craniofacial_anomalies-cardiac_defects_syndrome,HP:0000154,0.4
OMIM:616268,autosomal_dominant_intellectual_disability-craniofacial_anomalies-cardiac_defects_syndrome,HP:0000160,0.4
OMIM:616268,autosomal_dominant_intellectual_disability-craniofacial_anomalies-cardiac_defects_syndrome,HP:0000219,0.5
OMIM:616268,autosomal_dominant_intellectual_disability-craniofacial_anomalies-cardiac_defects_syndrome,HP:0000276,0.8
OMIM:616268,autosomal_dominant_intellectual_disability-craniofacial_anomalies-cardiac_defects_syndrome,HP:0000286,0.5555555555555556
OMIM:616268,autosomal_dominant_intellectual_disability-craniofacial_anomalies-cardiac_defects_syndrome,HP:0000307,0.6
OMIM:616268,autosomal_dominant_intellectual_disability-craniofacial_anomalies-cardiac_defects_syndrome,HP:0000322,0.4
OMIM:616268,autosomal_dominant_intellectual_disability-craniofacial_anomalies-cardiac_defects_syndrome,HP:0000324,0.4
OMIM:616268,autosomal_dominant_intellectual_disability-craniofacial_anomalies-cardiac_defects_syndrome,HP:0000325,0.8
OMIM:616268,autosomal_dominant_intellectual_disability-craniofacial_anomalies-cardiac_defects_syndrome,HP:0000341,0.5
OMIM:616268,autosomal_dominant_intellectual_disability-craniofacial_anomalies-cardiac_defects_syndrome,HP:0000455,0.8
OMIM:616268,autosomal_dominant_intellectual_disability-craniofacial_anomalies-cardiac_defects_syndrome,HP:0000456,0.25
OMIM:616268,autosomal_dominant_intellectual_disability-craniofacial_anomalies-cardiac_defects_syndrome,HP:0000486,0.5
OMIM:616268,autosomal_dominant_intellectual_disability-craniofacial_anomalies-cardiac_defects_syndrome,HP:0000508,0.5
OMIM:616268,autosomal_dominant_intellectual_disability-craniofacial_anomalies-cardiac_defects_syndrome,HP:0000565,0.5
OMIM:616268,autosomal_dominant_intellectual_disability-craniofacial_anomalies-cardiac_defects_syndrome,HP:0002553,1.0
OMIM:616268,autosomal_dominant_intellectual_disability-craniofacial_anomalies-cardiac_defects_syndrome,HP:0002714,0.5
OMIM:616268,autosomal_dominant_intellectual_disability-craniofacial_anomalies-cardiac_defects_syndrome,HP:0009765,0.2
OMIM:616268,autosomal_dominant_intellectual_disability-craniofacial_anomalies-cardiac_defects_syndrome,HP:0020045,0.8
OMIM:616268,autosomal_dominant_intellectual_disability-craniofacial_anomalies-cardiac_defects_syndrome,HP:0045074,0.6
OMIM:616364,intellectual_disability-microcephaly-strabismus-behavioral_abnormalities_syndrome,HP:0000154,0.5294117647058824
OMIM:616364,intellectual_disability-microcephaly-strabismus-behavioral_abnormalities_syndrome,HP:0000194,0.65
OMIM:616364,intellectual_disability-microcephaly-strabismus-behavioral_abnormalities_syndrome,HP:0000219,0.7692307692307693
OMIM:616364,intellectual_disability-microcephaly-strabismus-behavioral_abnormalities_syndrome,HP:0000232,0.6842105263157895
OMIM:616364,intellectual_disability-microcephaly-strabismus-behavioral_abnormalities_syndrome,HP:0000233,0.6
OMIM:616364,intellectual_disability-microcephaly-strabismus-behavioral_abnormalities_syndrome,HP:0000272,0.2
OMIM:616364,intellectual_disability-microcephaly-strabismus-behavioral_abnormalities_syndrome,HP:0000286,0.68
OMIM:616364,intellectual_disability-microcephaly-strabismus-behavioral_abnormalities_syndrome,HP:0000307,0.7
OMIM:616364,intellectual_disability-microcephaly-strabismus-behavioral_abnormalities_syndrome,HP:0000316,0.8
OMIM:616364,intellectual_disability-microcephaly-strabismus-behavioral_abnormalities_syndrome,HP:0000322,0.3617021276595745
OMIM:616364,intellectual_disability-microcephaly-strabismus-behavioral_abnormalities_syndrome,HP:0000337,0.5294117647058824
OMIM:616364,intellectual_disability-microcephaly-strabismus-behavioral_abnormalities_syndrome,HP:0000341,0.16666666666666666
OMIM:616364,intellectual_disability-microcephaly-strabismus-behavioral_abnormalities_syndrome,HP:0000347,0.2
OMIM:616364,intellectual_disability-microcephaly-strabismus-behavioral_abnormalities_syndrome,HP:0000437,0.8
OMIM:616364,intellectual_disability-microcephaly-strabismus-behavioral_abnormalities_syndrome,HP:0000447,0.6363636363636364
OMIM:616364,intellectual_disability-microcephaly-strabismus-behavioral_abnormalities_syndrome,HP:0000455,0.625
OMIM:616364,intellectual_disability-microcephaly-strabismus-behavioral_abnormalities_syndrome,HP:0000486,0.37254901960784315
OMIM:616364,intellectual_disability-microcephaly-strabismus-behavioral_abnormalities_syndrome,HP:0000494,0.56
OMIM:616364,intellectual_disability-microcephaly-strabismus-behavioral_abnormalities_syndrome,HP:0000508,0.3888888888888889
OMIM:616364,intellectual_disability-microcephaly-strabismus-behavioral_abnormalities_syndrome,HP:0000577,0.4
OMIM:616364,intellectual_disability-microcephaly-strabismus-behavioral_abnormalities_syndrome,HP:0000582,0.11764705882352941
OMIM:616364,intellectual_disability-microcephaly-strabismus-behavioral_abnormalities_syndrome,HP:0002263,0.8
OMIM:616364,intellectual_disability-microcephaly-strabismus-behavioral_abnormalities_syndrome,HP:0002553,0.47619047619047616
OMIM:616364,intellectual_disability-microcephaly-strabismus-behavioral_abnormalities_syndrome,HP:0002714,0.3877551020408163
OMIM:616364,intellectual_disability-microcephaly-strabismus-behavioral_abnormalities_syndrome,HP:0010803,0.631578947368421
OMIM:616580,Au-Kline_syndrome,HP:0000194,0.5
OMIM:616580,Au-Kline_syndrome,HP:0000276,0.5
OMIM:616580,Au-Kline_syndrome,HP:0000341,0.5
OMIM:616580,Au-Kline_syndrome,HP:0000430,0.5
OMIM:616580,Au-Kline_syndrome,HP:0000456,0.5
OMIM:616580,Au-Kline_syndrome,HP:0000494,0.5
OMIM:616580,Au-Kline_syndrome,HP:0000508,0.5
OMIM:616580,Au-Kline_syndrome,HP:0000637,0.5
OMIM:616580,Au-Kline_syndrome,HP:0002714,0.5
OMIM:616580,Au-Kline_syndrome,HP:0003196,0.5
OMIM:616580,Au-Kline_syndrome,HP:0012811,0.5
OMIM:616863,Hao-Fountain_syndrome_due_to_USP7_mutation,HP:0000243,0.14285714285714285
OMIM:616863,Hao-Fountain_syndrome_due_to_USP7_mutation,HP:0000486,0.5
OMIM:618332,Menke-Hennekam_syndrome_1,HP:0000219,0.4583333333333333
OMIM:618332,Menke-Hennekam_syndrome_1,HP:0000286,0.20833333333333334
OMIM:618332,Menke-Hennekam_syndrome_1,HP:0000293,0.2916666666666667
OMIM:618332,Menke-Hennekam_syndrome_1,HP:0000321,0.4166666666666667
OMIM:618332,Menke-Hennekam_syndrome_1,HP:0000322,0.16666666666666666
OMIM:618332,Menke-Hennekam_syndrome_1,HP:0000343,0.5
OMIM:618332,Menke-Hennekam_syndrome_1,HP:0000347,0.5833333333333334
OMIM:618332,Menke-Hennekam_syndrome_1,HP:0000430,0.125
OMIM:618332,Menke-Hennekam_syndrome_1,HP:0000446,0.23809523809523808
OMIM:618332,Menke-Hennekam_syndrome_1,HP:0000463,0.4583333333333333
OMIM:618332,Menke-Hennekam_syndrome_1,HP:0000486,0.5416666666666666
OMIM:618332,Menke-Hennekam_syndrome_1,HP:0000494,0.125
OMIM:618332,Menke-Hennekam_syndrome_1,HP:0000506,0.5416666666666666
OMIM:618332,Menke-Hennekam_syndrome_1,HP:0000508,0.3333333333333333
OMIM:618332,Menke-Hennekam_syndrome_1,HP:0000574,0.20833333333333334
OMIM:618332,Menke-Hennekam_syndrome_1,HP:0000581,0.4166666666666667
OMIM:618332,Menke-Hennekam_syndrome_1,HP:0000582,0.5833333333333334
OMIM:618332,Menke-Hennekam_syndrome_1,HP:0002000,0.5833333333333334
OMIM:618332,Menke-Hennekam_syndrome_1,HP:0003196,0.5
OMIM:618332,Menke-Hennekam_syndrome_1,HP:0010803,0.3333333333333333
OMIM:618332,Menke-Hennekam_syndrome_1,HP:0012745,0.625
