feature,race_eta2,race_p,age_eta2,age_p,race_q,age_q,res_drift_224
eb_thickness_r,0.08640752606012415,6.1656243546606036e-18,0.007125296374171825,0.04347249197310996,2.9594996902370895e-17,0.05434061496638745,0.0214466403439037
eb_thickness_l,0.09016334932946564,1.0126582701825766e-18,0.013297399258796666,0.0028228036632774716,5.063291350912883e-18,0.004342774866580725,0.0124232619032381
eb_thickness_mean,0.09836836313784672,1.9066842512092614e-20,0.011070536008276406,0.007585622598967787,1.0895338578338638e-19,0.01096716520332692,0.0250112913520134
eb_thickness_asym,0.0021958170013909916,0.38139318907052117,0.010606164211677505,0.00931953646686035,0.42773067933142556,0.013313623524086216,0.0058375749647884
eb_inter_distance,0.07982186801488089,1.438241051814076e-16,0.006009735399280373,0.07113189303738941,6.638035623757274e-16,0.0871002771886401,0.0186267599643189
eb_arch_r,0.041702202494960976,7.726180710066564e-09,0.010526498863775257,0.009654452476133705,2.0603148560177504e-08,0.013629815260424052,0.0045557758708982
eb_arch_l,0.03246610289328901,5.183510623910473e-07,0.015515243558425517,0.001052312540855176,1.0367021247820946e-06,0.0016615461171397517,0.0020110744617324
eb_arch_mean,0.04566135578826755,1.2576236644950699e-09,0.015803215681953243,0.0009256172626446902,3.680849749741668e-09,0.0015010009664508488,0.0094149019425927
eb_arch_asym,0.0008647599091039874,0.6842983501690422,0.0006940084299287159,0.7375448738902166,0.7018444617118381,0.7564562809130427,0.0139097468732006
eb_position_r,0.035683201396602825,1.2032410125407048e-07,0.012689823041819863,0.003697511910821424,2.5783735983015104e-07,0.005546267866232136,0.0199700321350068
eb_position_l,0.03892108569357651,2.75323342067495e-08,0.011106891127666791,0.007464319119863908,6.353615586172962e-08,0.010923393833947182,0.0231147083748391
eb_position_mean,0.03831890477319283,3.623498042953838e-08,0.012134185153196636,0.004732102066569186,8.204146512348313e-08,0.007010521580102498,0.0196992627194519
eb_position_asym,0.010001360033576588,0.012183476007944845,0.006673623067617177,0.053067416248438505,0.01804706639745503,0.06565041185373835,0.0175327140422293
eb_medial_flare_r,0.0013986544392105985,0.541322923935327,0.024024541464990813,2.3386026129371544e-05,0.5748562024091968,4.1885419933202763e-05,0.0511634058704129
eb_medial_flare_l,0.0023128933500709005,0.3622653161125917,0.030540782836814436,1.2393816818836628e-06,0.4101116786180284,2.2534212397884775e-06,0.026616831683007
eb_lateral_thickness_r,0.004436617816667694,0.1423046148261687,0.056488502375788195,8.445897674589206e-12,0.17788076853271087,2.7392100566235262e-11,0.0764872771868172
eb_lateral_thickness_l,0.0017322403567079786,0.4675513713125496,0.06604147240097868,9.742019960407253e-14,0.5054609419595131,3.8968079841629014e-13,0.0714014682198367
eb_medial_flare_mean,0.0020997731509743707,0.39783474811321945,0.033077995904758024,3.9277874872318123e-07,0.4420386090146883,7.481499975679643e-07,0.0849676152834977
eb_lateral_thickness_mean,0.003071794277442362,0.25948539413800864,0.06456353501305907,1.9488058168685626e-13,0.3052769342800102,7.543764452394435e-13,0.0998314931323567
eb_lateral_thickness_asym,2.5387557864111892e-05,0.9889291524774267,0.0012718271246831088,0.572323354799612,0.9904291004023948,0.6127068858694471,0.031983481055469
eye_fissure_length_r,0.21096882142433313,7.512616518066301e-46,0.0009199030780937896,0.6679358468502212,2.2537849554198905e-44,0.6909681174312633,0.0464666796583517
eye_fissure_height_r,0.04214710141423535,6.30277216729437e-09,0.04000463081005652,1.678869957511868e-08,1.7189378638075555e-08,3.534463068446038e-08,0.0124041163196389
eye_fissure_length_l,0.2422379704552731,1.4967530349376682e-53,0.0010342608837100675,0.6352363846318309,8.98051820962601e-52,0.668669878559822,0.0447455835385972
eye_fissure_height_l,0.03906696715202734,2.5759318888025006e-08,0.04467813028990232,1.97538702635844e-09,6.182236533126001e-08,4.558585445442553e-09,0.0134205564193812
eye_fissure_length_mean,0.24406939644097084,5.179948030688548e-54,0.001005793491729774,0.6432239071299619,6.215937636826257e-52,0.6711901639616994,0.0543476799744716
eye_fissure_height_mean,0.04120334476921495,9.706770853327026e-09,0.04290574167130317,4.452877208223859e-09,2.5322010921722675e-08,1.0081986131827607e-08,0.0158063986191562
eye_fissure_length_asym,0.0010594663171185638,0.6282467627858496,0.0072330715914401805,0.04145162974951425,0.6613123818798416,0.052916974148316066,0.0184017886118111
eye_fissure_height_asym,0.005262089202202307,0.09891262069606702,0.002337000615016675,0.3584471361614785,0.12762918799492518,0.40199678821848056,0.0178108597310162
eye_fissure_slant_r,0.05273023857692276,4.8273198258358216e-11,0.007864020098805621,0.031366859997793185,1.6091066086119406e-10,0.04182247999705758,0.0071783352700241
eye_fissure_slant_l,0.04461799401833296,2.030671403251751e-09,0.009682509891156701,0.01403123803696527,5.801918295005003e-09,0.01913350641404355,0.0250808444397165
eye_fissure_slant_mean,0.05587475100908885,1.1232720880896094e-11,0.010139796106521506,0.011458809747335735,3.96448972266921e-11,0.01580525482391136,0.0293609346715998
eye_fissure_slant_asym,0.0026763646537481776,0.3087698256962109,0.004141256580663355,0.16207249190659695,0.3528798007956696,0.19256137652268945,0.0197090694237646
eye_fissure_aspect_r,0.014316361202605616,0.001794381255139874,0.04711249392729218,6.452914710356914e-10,0.002909807440767363,1.6132286775892286e-09,0.0343972583505947
eye_fissure_aspect_l,0.009973973737833455,0.012332162038260938,0.04919045858414018,2.477498782754527e-10,0.01804706639745503,6.913950091407982e-10,0.0301166100089554
eye_fissure_aspect_mean,0.01230359095307596,0.00438928424055392,0.04906795059446753,2.6214951416884037e-10,0.006840442972291823,7.149532204604737e-10,0.0321984936892507
inter_canthal_distance,0.03306657729216007,3.948179582629093e-07,0.00788342457950207,0.031098995777998937,8.168647412336054e-07,0.04182247999705758,0.0216284031501391
inter_pupillary_distance,0.22127369311104578,2.3564329307413845e-48,0.037459599085609654,5.360646390111679e-08,9.425731722965537e-47,1.054553388218691e-07,0.0045018511306858
outer_canthal_distance,0.2028792681884607,6.581423739518055e-44,0.0005503603131392975,0.7855277989806906,1.316284747903611e-42,0.7988418294718888,0.0122233116371423
canthal_to_pupillary_ratio,0.20532757283924227,1.708053104848686e-44,0.11239557818258011,1.9689375532923898e-23,4.099327451636847e-43,1.243539507342562e-22,0.0444899384745166
eye_epicanthus_angle_r,0.0073486317593286716,0.039388815359689314,0.10281958001722198,2.1766399567251495e-21,0.05251842047958575,1.0447871792280717e-20,0.0290957883224137
eye_epicanthus_angle_l,0.007481979650250999,0.03713544917649938,0.12359910952126048,7.502089741532529e-26,0.05007026855258343,6.4303626355993105e-25,0.0359335989349158
eye_epicanthus_angle_mean,0.007649824302902873,0.03448108944708172,0.11709540469503897,1.9195141249049436e-24,0.04701966742783871,1.4396355936787077e-23,0.0288457668050559
eye_epicanthus_angle_asym,0.0019520844234424285,0.4245075066077221,0.005925025028702921,0.07384027331714582,0.46734771369657474,0.08950336159654039,0.0281013205912028
eye_upper_lid_to_iris_r,0.03251056738086471,5.080095993423336e-07,0.047688786668318064,4.949334703418727e-10,1.033239863069153e-06,1.3198225875783273e-09,0.0065045417269919
eye_lower_lid_to_iris_r,0.0481964665471628,3.917388393146198e-10,0.0365011946687592,8.293591652558664e-08,1.2053502748142147e-09,1.6052112875919992e-07,0.0332013041558829
eye_upper_lid_to_iris_l,0.030967498374084204,1.0217948112543278e-06,0.05242342040264157,5.563889465123732e-11,1.9776673766212796e-06,1.628455453206946e-10,0.0094663626801307
eye_lower_lid_to_iris_l,0.04320321851802217,3.88544682641305e-09,0.03925693967867988,2.3620104503983746e-08,1.0843107422548046e-08,4.886918173238016e-08,0.0282619955963146
eye_upper_lid_to_iris_mean,0.032177258856329674,5.908377185099167e-07,0.050698884006712124,1.2349524645525224e-10,1.1623037085440986e-06,3.528435613007207e-10,0.0023852388316927
eye_upper_lid_to_iris_asym,0.0010060503558507712,0.643151388794875,0.0016067819913774786,0.49403912791535565,0.66532902289125,0.5438962876132356,3.642014248973765e-05
eye_lower_lid_to_iris_mean,0.04659668236212493,8.18116032270961e-10,0.03861211734742918,3.169971678508353e-08,2.454348096812883e-09,6.339943357016707e-08,0.0276950117387541
eye_lower_lid_to_iris_asym,0.008956565037277864,0.01934835749383278,0.0044777524416091405,0.1397495155135192,0.027315328226587453,0.16769941861622303,0.0122665782347383
eye_area_r,0.06980621931157109,1.6574853634074635e-14,0.04099187414591123,1.0692342674786227e-08,6.416072374480503e-14,2.3328747654079042e-08,0.0032506222006862
eye_area_l,0.07132239978195982,8.105681679874392e-15,0.04752677394879413,5.332643003067998e-10,3.354075177879059e-14,1.3615258731237443e-09,0.00220390012196
eye_area_mean,0.07180020577623693,6.4682028504285715e-15,0.044969783976945725,1.7278409846076832e-09,2.772086935897959e-14,4.065508199076901e-09,0.0036195924782474
eye_area_asym,0.0029172366878707934,0.2777377929880708,0.0030497269468343657,0.26201628264169063,0.3235780112482378,0.3082544501666949,0.0052795193257357
eye_fissure_fill_r,0.013615556232059489,0.002450558160154958,0.05823736630750643,3.743932375369298e-12,0.003920893056247933,1.2479774584564328e-11,0.0375823778291086
eye_fissure_fill_l,0.008998920678660632,0.018989122768923377,0.05969224110571763,1.9006564733979152e-12,0.02712731824131911,6.7081993178749954e-12,0.0457734022234423
eye_fissure_fill_mean,0.011438315502404164,0.006443988668537956,0.06017180529296703,1.5196862803597301e-12,0.009788337218032338,5.5261319285808365e-12,0.0414084265494653
iris_offset_x_r,0.05245471751067408,5.4838868934232654e-11,0.04701963222973897,6.734630581900542e-10,1.7785579113805184e-10,1.6492972853633981e-09,0.0039443735168183
iris_offset_y_r,0.00719129936723226,0.04222351890149556,0.007535480345116284,0.03626795156074326,0.05567936558438975,0.04745001943263427,0.0368997869401673
iris_offset_x_l,0.03636199005872136,8.835982083382084e-08,0.05287404719889063,4.516403572229868e-11,1.927850636374273e-07,1.3549210716689604e-10,0.0019688427319593
iris_offset_y_l,0.00830248531411563,0.025839856197708462,0.007431797802062496,0.037967938386850676,0.0356411809623565,0.048990888241097645,0.0201054632099282
gaze_asym_x,0.17403842505100717,3.862704363824188e-37,0.19782781941406008,1.0503670224715079e-42,5.794056545736282e-36,2.1007340449430156e-41,0.0036552017531263
gaze_asym_y,0.003129846579208918,0.2529432871797056,0.0003922547025810008,0.8419476580285563,0.300526677837274,0.8490228484321576,0.0375372675859192
gaze_asym_norm,0.02199095218371249,5.825720238959753e-05,0.030687855782001894,1.1596107742777387e-06,0.00010131687372103918,2.1408198909742868e-06,0.0145855105493062
nose_length,0.01693511669896945,0.0005588395035168197,0.2094142129866157,1.7808919129522976e-45,0.0009313991725280328,4.274140591085514e-44,0.032810772773962
nose_bridge_length,0.0010315837969410335,0.6359833000652138,0.10352390607889464,1.5425014514612206e-21,0.663634747894136,7.712507257306103e-21,0.0813951777399686
nose_bridge_width,0.1473666398942115,4.357904275607937e-31,0.002733461826340652,0.30111464769471374,3.486323420486349e-30,0.34743997810928506,0.1517045441589959
nose_tip_width,0.19001023120624375,7.383721651032398e-41,0.0691575047715218,2.2501653448706122e-14,1.2657808544626968e-39,9.311029013257705e-14,0.1129228221303583
nose_base_width,0.15410107077263424,1.3463295584841423e-32,0.11341352344204839,1.190428922944364e-23,1.3463295584841422e-31,7.936192819629094e-23,0.100611290877793
nose_tip_to_bridge_ratio,0.05477282810017824,1.8733659693395747e-11,0.18907740622992797,1.223114903739365e-40,6.422969037735684e-11,1.6308198716524867e-39,0.0193329610955265
nose_tip_midline_dent,0.004698227441064187,0.12681479996122166,0.2808049002320742,1.687666291785474e-63,0.16018711574049052,2.025199550142569e-61,0.0215945652985582
nose_ala_height_r,0.023782949203789493,2.6067027756314506e-05,0.10493695433240424,7.723521731525056e-22,4.739459592057183e-05,4.029663512100029e-21,0.0090675628555537
nose_ala_height_l,0.016857001910289517,0.0005786537854787429,0.11498859452942804,5.458564717182726e-24,0.0009512117021568376,3.85310450624663e-23,0.0095078643961485
nose_ala_height_mean,0.020480986945768817,0.00011458918742465,0.11137986054461121,3.2511165872509623e-23,0.00019643860701368571,1.9506699523505774e-22,0.0125565237827944
nose_ala_height_asym,2.1931333072222076e-05,0.9904291004023948,0.002754847218946251,0.29829644765495894,0.9904291004023948,0.34743997810928506,0.0251538844040287
nasolabial_angle,0.00033026100875584863,0.8651577906799084,0.007126416828409017,0.043450985133009164,0.8798214820473645,0.05434061496638745,0.015437419497587
nose_tip_elevation,0.011510968617887758,0.006239621407521659,0.002240657272683761,0.3739509590837066,0.00959941755003332,0.41550106564856293,0.0433147326165212
ala_flare_angle,0.018974627316476325,0.00022479424238611314,0.18910072843815423,1.2077864729101315e-40,0.00037993393079343066,1.6308198716524867e-39,0.0163023419417039
columella_length,0.0018362816601961837,0.4466635242428895,0.10697212076577924,2.846492606448605e-22,0.4872692991740613,1.6265672036849174e-21,0.0810106058455362
columella_hang_below_ala,0.013531020599778449,0.0025443997401917574,0.1946438699056153,5.966563801673488e-42,0.004017473273986986,1.022839508858312e-40,0.0148956298684354
nose_to_face_area_ratio,0.11555294360332145,4.126693531406817e-24,0.13133093587916572,1.5404045335979468e-27,2.912960139816577e-23,1.4219118771673354e-26,0.1129555531619418
philtrum_length,0.03420653913670877,2.353684590021585e-07,0.047590152407691266,5.179289152019312e-10,4.955125452677022e-07,1.3511189092224292e-09,0.0104414651154897
philtrum_width,0.0654212001230665,1.3034164573456489e-13,0.14053152724323137,1.4448849129982417e-29,4.887811715046183e-13,1.4448849129982417e-28,0.0296516000552043
mouth_width,0.03892787730653897,2.744715073515901e-08,0.14386821145754006,2.624600080629078e-30,6.353615586172962e-08,2.8632000879589943e-29,0.0219329955617892
mouth_opening,0.0053687208290473945,0.09437054555818403,0.0023699765295936938,0.3532892549929161,0.12309201594545742,0.3999500999919805,0.0057281176372301
upper_vermilion_height,0.15679678289193283,3.321190241429455e-33,0.01733353805843458,0.0004678318160739239,3.623116627013951e-32,0.0007907016609700122,0.0184192838708287
lower_vermilion_height,0.11709774220518723,1.9172869765765718e-24,0.05305307706956889,4.157113625926471e-11,1.4379652324324288e-23,1.2791118849004525e-10,0.014470461382009
vermilion_total,0.15259587059687502,2.935739870003671e-32,0.041372914513346265,8.982381848013002e-09,2.709913726157235e-31,1.9960848551140004e-08,0.0199265566016942
cupid_bow_drop,0.022309591537528477,5.050030403489985e-05,0.21274492190098854,2.7966228076993533e-46,8.911818359099974e-05,8.38986842309806e-45,0.0590327193854826
mouth_corner_drop,0.07124740063239784,8.39785809710447e-15,0.031050229182581886,9.84247704539072e-07,3.359143238841788e-14,1.84546444601076e-06,0.0027902203336439
mouth_triangularity,0.07651802324202779,6.924108753833157e-16,0.02195313110310089,5.925350044533908e-05,3.077381668370292e-15,0.0001045650007858925,0.0033901855172361
mouth_tenting,0.03780649256505679,4.576907031994209e-08,0.07320816818625106,3.324249517369915e-15,1.0170904515542687e-07,1.5342690080168838e-14,0.0003732275337614
mouth_upper_curvature_c2,0.028811546063253802,2.707630536213569e-06,0.1207534767656345,3.1083096024373086e-25,5.0768072554004424e-06,2.486647681949847e-24,0.0080961846913834
upper_lip_eversion,0.16933323953784093,4.663005914205187e-36,0.05855577868580775,3.2279699627841624e-12,6.217341218940249e-35,1.1067325586688557e-11,0.0226479018619479
lower_lip_eversion,0.10422751951853804,1.0931972136395962e-21,0.040445126751713655,1.3728214541388756e-08,6.904403454565871e-21,2.941760258869019e-08,0.0153392900912335
lip_midline_x_std,0.003934303251670235,0.1775337375057307,0.002640762932718677,0.3136410150627311,0.21519240909785542,0.358446874357407,0.0122886069542365
chin_height,0.06300562796552511,4.042655738941257e-13,0.24826919354705915,4.5013183638165186e-55,1.470056632342275e-12,2.7007910182899112e-53,0.0045155360569711
chin_width,0.03067230090623848,1.1677993834532467e-06,0.1057360431170493,5.22061024787998e-22,2.224379778006184e-06,2.8476055897527167e-21,0.0873360376972718
chin_pointedness_angle,0.009590298379473184,0.014615963431665784,0.01692079215826245,0.000562421624501925,0.021131513395179446,0.0009373693741698751,0.0117734023089827
jaw_bigonial_width,0.040140856593408505,1.577580339815047e-08,0.03869718031306645,3.049332598099072e-08,3.863462056689911e-08,6.202032402913366e-08,0.0491816444830405
forehead_height,0.00420758098475688,0.1574075891083958,0.015756320476753138,0.0009451598473835906,0.19473103807224224,0.001512255755813745,0.0253141321225336
forehead_width_upper,0.16550182651836462,3.507791018731003e-35,0.06197404409375974,6.549592393425796e-13,4.209349222477204e-34,2.4560971475346734e-12,0.1079676290471716
forehead_width_mid,0.15242116065487468,3.213485137560779e-32,0.06919677639382513,2.2089190719053393e-14,2.754415832194953e-31,9.311029013257705e-14,0.1033816206772033
forehead_taper_ratio,0.11464885250529087,6.459079829499296e-24,0.012730734649083985,0.003630932282854176,4.3060532196661973e-23,0.0055153401764873565,0.1178399840123662
face_aspect_ratio,0.01123014415346406,0.007067291641009516,0.2436262992154031,6.69761457187829e-54,0.010600937461514274,2.6790458287513158e-52,0.0157120223848128
face_roundness,0.02288326642359829,3.90407987375403e-05,0.04597421035040572,1.0892069042926631e-09,6.992381863440053e-05,2.6140965703023913e-09,0.0245158237219043
face_width_uniformity,0.09356609790901865,1.9583828520571474e-19,0.014305909668724396,0.0018027437243055187,1.0217649662906856e-18,0.0028094707391774316,0.1845001124179871
jaw_to_forehead_ratio,0.10043219767748145,6.980174709132273e-21,0.07134127832789153,8.033747898238099e-15,4.1881048254793644e-20,3.570554621439155e-14,0.0222763807375997
face_triangularity,0.02714668467898938,5.738108825346097e-06,0.1473520174933991,4.390799580084288e-31,1.0593431677562026e-05,5.2689594961011455e-30,0.0247373202369554
face_asymmetry,0.004071363642504794,0.16713771925531007,0.007528601433874483,0.03637834823168628,0.204658431741196,0.04745001943263427,0.0050455666622633
midface_width,0.04030344321732899,1.4646410941309128e-08,0.05564259540812533,1.251143083529279e-11,3.661602735327282e-08,3.950978158513513e-11,0.0603821326752807
malar_bulge_r,0.04914016695169624,2.5356313942056854e-10,0.00027720154007588525,0.8855293069927951,8.007257034333744e-10,0.8855293069927951,0.0186468900676058
malar_bulge_l,0.040792151128177766,1.171465172702671e-08,0.0012534271322988868,0.576965650860396,2.990974909028096e-08,0.6127068858694471,0.021747240897446
malar_bulge_mean,0.09513760526915624,9.150475406655101e-20,0.001570628573757354,0.5019463393446651,4.991168403630056e-19,0.5475778247396347,0.1826822053508547
malar_bulge_asym,0.00864642972432469,0.022193721864708645,0.010205024440414972,0.011132427794607696,0.030967983997267877,0.015533620178522367,0.0380410156037143
cheek_area_r,0.0015584180702700456,0.5046453554244097,0.01607591244620198,0.000819706547393865,0.5406914522404389,0.0013474628176337506,0.0186112309832301
cheek_area_l,0.0031705886090821847,0.24845045874237986,0.019848184245947257,0.00015210148193378257,0.2981405504908558,0.0002607453976007701,0.0141404365105129
cheek_area_mean,0.002763314673636546,0.2971878799376226,0.021711577050749796,6.603008286533904e-05,0.34290909223571836,0.00011483492672232876,0.033073693440404
cheek_area_asym,0.004721691327815366,0.12551059158282804,0.001358891976779216,0.5508573681846284,0.16018711574049052,0.5955214791185172,0.0174565848067747
