feature,bias_224,iqr_224,bias_160,iqr_160,bias_128,iqr_128,bias_96,iqr_96,bias_64,iqr_64,res_drift_224
eb_thickness_r,-0.021446640343903745,0.12423338772960309,-0.045704022216604495,0.20844777286984062,-0.0576020152450606,0.2817157799995747,-0.1267476919596737,0.39219536975448493,-0.29033654315775553,0.624254113405631,0.021446640343903745
eb_thickness_l,-0.012423261903238125,0.12164511544471421,-0.016224329844086522,0.2083983161946693,-0.027692793330279748,0.2852364174915565,-0.04274878063626684,0.3988737479449096,-0.14014741464776054,0.5811856963252824,0.012423261903238125
eb_thickness_mean,-0.025011291352013465,0.19430153640544276,-0.05613872727168461,0.325878381839272,-0.06877498114131497,0.4552738521945207,-0.11945481940515333,0.6077657919222119,-0.3423323187076722,0.9799463309514289,0.025011291352013465
eb_thickness_asym,0.0058375749647884955,0.1538367601773204,0.021343200776016306,0.2719736261947744,0.03812335745575232,0.3411722289257162,0.06323313005191677,0.4414688856804462,0.1380700713800327,0.7689648589138546,0.0058375749647884955
eb_inter_distance,-0.018626759964318902,0.2340075796631259,0.012513199500934508,0.36756635867889553,0.03933253980019492,0.49003206835433016,0.06129642194866171,0.6882077592147472,-0.026378621885931305,1.0375500580045114,0.018626759964318902
eb_arch_r,0.004555775870898272,0.1516189830416079,-0.0021746619584003275,0.2486707249629685,-0.029715227500214166,0.3185834188805736,-0.05094913124039212,0.40893845373289367,-0.11760593333884131,0.7185014461407604,0.004555775870898272
eb_arch_l,-0.0020110744617324837,0.16250722176484572,-0.00849357393759597,0.2958184424554752,-0.03241023260414431,0.37516376931661,-0.03632124105227863,0.553761272767848,-0.15022672044149976,0.7969838702000224,0.0020110744617324837
eb_arch_mean,-0.009414901942592736,0.24199326728031423,-0.023703928193321316,0.4034276724797155,-0.07455257088710836,0.5616452116048817,-0.08805875648214144,0.6975069090212167,-0.2459163228100928,0.9952360978941428,0.009414901942592736
eb_arch_asym,-0.013909746873200663,0.22558573017483502,-0.01689892942111466,0.3498998320737466,-0.02846723767991323,0.4931779239637621,-0.08742779636233905,0.6749607862197582,-0.05637712739646285,1.0632242397541238,0.013909746873200663
eb_position_r,0.019970032135006862,0.1450941292565438,0.0903887560396385,0.25724712322729665,0.14324160791459922,0.3290964438754945,0.28697993080342155,0.5059155734477034,0.4712604353086224,0.8148660237827845,0.019970032135006862
eb_position_l,0.023114708374839192,0.1534476568110723,0.0878037653930433,0.30022219394620797,0.15439735893613016,0.3625811503523261,0.3019780291362367,0.5587553014469087,0.5546365011301361,0.8951355799309216,0.023114708374839192
eb_position_mean,0.019699262719451903,0.14900719906746926,0.08793477974707284,0.27133613846280424,0.14876837780199198,0.36091159517106053,0.2928928193233137,0.5340285630776107,0.5191814772610446,0.8508845332308148,0.019699262719451903
eb_position_asym,-0.017532714042229378,0.345461810943067,-0.0278586444261821,0.5648468274723286,-0.03877549390592698,0.7299907400393106,-0.07016795339227837,0.9431214094410171,0.08589509739688803,1.4201926957669355,0.017532714042229378
eb_medial_flare_r,-0.051163405870412924,0.17182843285054267,-0.10439766614533347,0.2861489894156734,-0.12066087413356616,0.3545239257790252,-0.17174101538165915,0.50080472252055,-0.17047682131410352,0.903890262581579,0.051163405870412924
eb_medial_flare_l,-0.026616831683007,0.1785713100553293,-0.06370758593816672,0.3127560964814853,-0.08451272805543109,0.4270770775771947,-0.08095290341523974,0.5230394378731807,-0.17539522527505524,0.8788018840134681,0.026616831683007
eb_lateral_thickness_r,0.07648727718681728,0.2520184283769631,0.17130888435583053,0.42744864977025565,0.2299931482115969,0.5666224430686303,0.37296418411525845,0.7708178025785871,0.5100266133262321,1.3175301628380958,0.07648727718681728
eb_lateral_thickness_l,0.07140146821983676,0.23458374310785524,0.1406256930330817,0.4392036438949748,0.1991165523074992,0.5135228512608933,0.2821964830526877,0.7860779663502554,0.43940145615960335,1.1103396667461534,0.07140146821983676
eb_medial_flare_mean,-0.08496761528349775,0.282921051188198,-0.18794980354188456,0.45497932156226567,-0.20940992872229686,0.6312284264997277,-0.2493221429759007,0.8414089046640534,-0.30104712929057764,1.2903921015060058,0.08496761528349775
eb_lateral_thickness_mean,0.09983149313235679,0.2677592021358986,0.21033813613376767,0.47989036062855395,0.29385923044007667,0.6224265617875077,0.40967915285512396,0.857836771936383,0.6008462584076222,1.3424218345818846,0.09983149313235679
eb_lateral_thickness_asym,-0.03198348105546901,0.2800192339945221,-0.09919983604668495,0.4969997679985543,-0.11431093318365065,0.6217752764478592,-0.16555602577852072,0.864117593481563,-0.1365416990820023,1.006352287607296,0.03198348105546901
eye_fissure_length_r,-0.04646667965835173,0.1887909648076088,-0.07887780110675022,0.34050299165544823,-0.10985147147087951,0.42217918277806543,-0.18405802300014162,0.6656171031090931,-0.36709075062112795,0.9623591540546083,0.04646667965835173
eye_fissure_height_r,0.012404116319638982,0.13459617624941367,-0.011158271534073453,0.23728729541314275,-0.06616018497545686,0.3682854243751024,-0.22539723850504967,0.5529519669812486,-0.680734126733685,0.9365107744709121,0.012404116319638982
eye_fissure_length_l,-0.044745583538597214,0.2197742625643128,-0.06222885531888937,0.3711872755983694,-0.0743783366361492,0.4679446645260252,-0.0879812365869573,0.6606712054519273,-0.1675295703475969,1.0676971174749568,0.044745583538597214
eye_fissure_height_l,0.013420556419381259,0.14274381527596885,-0.01211352320820466,0.23568560463798527,-0.09569014700365443,0.37155873210911455,-0.26241060229582963,0.5786224943657088,-0.7282064742397332,0.9639416210644141,0.013420556419381259
eye_fissure_length_mean,-0.05434767997447165,0.27393171842692376,-0.11909271635538013,0.4493962458921123,-0.13814344336848883,0.612535276218058,-0.2082092132388493,0.8781686992877591,-0.3527610650008197,1.36516475641368,0.05434767997447165
eye_fissure_height_mean,0.015806398619156243,0.12969757403840929,-0.008505278270377203,0.24480848078087522,-0.07725412750503328,0.33872294278619197,-0.2311647824223856,0.5619866803406246,-0.6967952747200798,0.9297400797151081,0.015806398619156243
eye_fissure_length_asym,-0.018401788611811132,0.18709167481092476,-0.019586867909313552,0.29565996243945747,-0.02211627342662048,0.40095562737486845,0.0033043885971340125,0.5851882802525443,0.19080931339403936,0.972648912241008,0.018401788611811132
eye_fissure_height_asym,0.017810859731016267,0.2515468608056236,0.04659617051616418,0.36064625445504794,0.11692292888028001,0.5724285134454198,0.25671080425790516,0.8401809853881176,0.4559677251391696,1.3639842490977196,0.017810859731016267
eye_fissure_slant_r,-0.00717833527002416,0.15457760025939926,-0.027569433420403716,0.28528817207366974,-0.06215092189473406,0.35212531915568046,-0.1541840155669198,0.49453640567822676,-0.3550610463309838,0.8524464027506423,0.00717833527002416
eye_fissure_slant_l,-0.02508084443971658,0.1395595328584079,-0.07865997537207231,0.24863757767644998,-0.11854106237386511,0.3370795565034115,-0.20726174116259427,0.44676200830955715,-0.3998406291083443,0.7997481443466353,0.02508084443971658
eye_fissure_slant_mean,-0.02936093467159981,0.19486044586309859,-0.09153853187117245,0.3631495164550601,-0.18092782108502467,0.47500033591869445,-0.37155504809299866,0.7011722152394354,-0.7844298189042487,1.1446031913172767,0.02936093467159981
eye_fissure_slant_asym,0.019709069423764682,0.20357946033805122,0.005405554262709377,0.3436958735884525,0.004240224632572832,0.4009777865412683,-0.004996183002842335,0.5267340775258313,-0.017930560447325328,0.8393062228296885,0.019709069423764682
eye_fissure_aspect_r,0.03439725835059472,0.13798212201466425,0.02690268078278202,0.23682019230658602,-0.024400603615044245,0.3395036644377243,-0.16982704722256087,0.6287826811552091,-0.628983945728697,1.0526578348672817,0.03439725835059472
eye_fissure_aspect_l,0.03011661000895549,0.143678539311462,0.01088447719278723,0.26369924186349303,-0.04972615502329347,0.3810476205650599,-0.22703435565546815,0.6475535876732041,-0.7226879488431364,1.0733996338859595,0.03011661000895549
eye_fissure_aspect_mean,0.032198493689250735,0.14365650348314501,0.019301529605582773,0.26102522529362393,-0.02965930075554534,0.3561489032233885,-0.19249061805907622,0.6535937305326878,-0.7359660088638689,1.1211972419599352,0.032198493689250735
inter_canthal_distance,0.021628403150139135,0.2938657095701832,0.051092227085820355,0.4505370155133255,0.12032516604736647,0.6053148538842483,0.2382103593671139,0.7870166185452467,0.4215837853369105,1.3021154386857474,0.021628403150139135
inter_pupillary_distance,-0.004501851130685816,0.18475099843655343,-0.005785830084057356,0.3328206348149523,0.009509973836192303,0.4308175325244339,0.026120525897894757,0.6027094771603838,0.025782646391022755,0.9442842209910698,0.004501851130685816
outer_canthal_distance,-0.012223311637142395,0.24289941196266523,-0.020724537702250273,0.4829680340228796,-0.0037219847616936697,0.5770330025788122,0.0170860001578395,0.8064346032646322,-0.03442212846978587,1.05633256459756,0.012223311637142395
canthal_to_pupillary_ratio,0.04448993847451668,0.2653713349280549,0.09831295748681834,0.3594380429199391,0.16083295955161458,0.5132987429655944,0.28895847305780564,0.8331205710605247,0.436146966493016,1.196796294130676,0.04448993847451668
eye_epicanthus_angle_r,0.029095788322413784,0.1589395925499668,-0.0035306194440561413,0.2942031417936761,-0.027592806672181232,0.42417837672858305,-0.13027957959758213,0.6641599762624253,-0.4289962670337084,1.0022379089438391,0.029095788322413784
eye_epicanthus_angle_l,0.03593359893491581,0.16668964307494383,0.016382593242326455,0.2998548544852378,-0.021806561998738712,0.42754335041807173,-0.1462158586157364,0.7070150307962102,-0.5462635491810287,1.0530491551497465,0.03593359893491581
eye_epicanthus_angle_mean,0.028845766805055906,0.1527429004160161,0.008616812619370005,0.26659231729092403,-0.019372480207994154,0.39207207980076075,-0.14288666446646248,0.6869130325493301,-0.46507789374318936,1.0083565166873976,0.028845766805055906
eye_epicanthus_angle_asym,-0.028101320591202864,0.23547499069624384,-0.025125354623320852,0.3976856104021979,-0.004564004608691181,0.5431754865012757,0.03225914088019715,0.8157204240496869,0.2855850159925349,1.3409766844100799,0.028101320591202864
eye_upper_lid_to_iris_r,-0.006504541726991971,0.15952770914946307,-0.03649021563926094,0.2785564012267356,-0.07938936437715233,0.4013787084216894,-0.23006950368691603,0.6576449614021816,-0.7292853067099674,0.9651520952361572,0.006504541726991971
eye_lower_lid_to_iris_r,0.03320130415588293,0.16256676357359642,-0.0017736921972963432,0.2884376936984038,-0.05482625073197615,0.3738529374409899,-0.18879685696379267,0.5273455329831692,-0.56967011945329,0.9891787461389753,0.03320130415588293
eye_upper_lid_to_iris_l,0.009466362680130742,0.1737390445207813,-0.030242387755475053,0.28504177057913394,-0.07847054577013307,0.4132987162571412,-0.22694469678806803,0.6362442491960798,-0.7172459639996269,1.0497776843116722,0.009466362680130742
eye_lower_lid_to_iris_l,0.02826199559631468,0.1639038606454804,-0.0053110910032794605,0.28827011273781156,-0.07427200626326261,0.41544252629917755,-0.23885145236705346,0.6047797380957761,-0.7068170509282272,1.0442438920177528,0.02826199559631468
eye_upper_lid_to_iris_mean,0.0023852388316927416,0.1656969576643179,-0.03454563309263746,0.31008549219131454,-0.07041763634908678,0.4010950399439843,-0.22857157902211922,0.6325367437330263,-0.7139241714367481,0.9671987368304995,0.0023852388316927416
eye_upper_lid_to_iris_asym,3.6420142489737654e-05,0.0005692648711545525,8.191797137403162e-05,0.0009455907758378664,0.00027986485101901036,0.0013260080182214908,0.0004533528076810253,0.002032139148251389,0.0008781515418419914,0.003435484113153512,3.6420142489737654e-05
eye_lower_lid_to_iris_mean,0.027695011738754167,0.14774776855166366,-0.006578803115738729,0.2884767678909883,-0.06529324773580668,0.38000084829004854,-0.22152249069211752,0.5492808004441695,-0.6217800890902137,1.026285831787508,0.027695011738754167
eye_lower_lid_to_iris_asym,-0.012266578234738354,0.33161584815740874,0.03906124525723565,0.4785318867915255,0.08685840482566827,0.687328284322956,0.23708240930075442,0.954434338846042,0.49767571693046936,1.4728525484286128,0.012266578234738354
eye_area_r,0.003250622200686292,0.14158076179397144,-0.033437120515097354,0.24749957948174195,-0.07937018687035759,0.3559476838429999,-0.2361058761994944,0.5256241652117074,-0.663856213350623,0.8695133115915018,0.003250622200686292
eye_area_l,0.0022039001219600228,0.14805681427453182,-0.02175586568281109,0.24616220879719397,-0.09066400012943954,0.34152059538936064,-0.22709404455060692,0.5161788069827428,-0.6743632228360691,0.9132702347112962,0.0022039001219600228
eye_area_mean,0.0036195924782474443,0.14059168379603426,-0.034948822215474754,0.23162244866886766,-0.09905312583311732,0.3493560060704376,-0.23292489159844765,0.47112975414805425,-0.6757191538213684,0.8353276009557071,0.0036195924782474443
eye_area_asym,0.005279519325735732,0.2835039454761573,-0.008243822064191615,0.4784456302683747,0.044279759430311906,0.6694051281583355,0.16165906175250294,1.0339314009155411,0.33811783758502545,1.656706046947334,0.005279519325735732
eye_fissure_fill_r,0.0375823778291086,0.13875309926565277,0.037962907566105986,0.2407018124872758,-0.01562945380619617,0.34403018482266046,-0.1488165607363205,0.6029900928784517,-0.6022595252616689,1.005520175169989,0.0375823778291086
eye_fissure_fill_l,0.045773402223442394,0.14926215046777852,0.03347376351158339,0.2623465926806253,-0.03721191427275108,0.3703579372412743,-0.19183085617839102,0.6300827020472596,-0.6437907204856652,1.018919345075059,0.045773402223442394
eye_fissure_fill_mean,0.04140842654946536,0.14713892757948063,0.040430946337390694,0.25358751553135406,-0.012226703728580781,0.3654894739546387,-0.16797817374699342,0.6404279819034404,-0.6804454891162577,1.04557085658304,0.04140842654946536
iris_offset_x_r,0.003944373516818372,0.19883566378966538,-0.015984974614167972,0.3124781258197037,-0.005705697178314416,0.3955039616137743,0.04733819399906675,0.6205110144193904,0.10398586990172529,1.0200709070232281,0.003944373516818372
iris_offset_y_r,-0.03689978694016738,0.251070467734279,-0.038131005891187716,0.3680996043505159,0.038434283537279984,0.5306650266280916,0.19008358233192416,0.7948317564925491,0.5234904835772378,1.2357636857932097,0.03689978694016738
iris_offset_x_l,0.0019688427319593305,0.1993643439407097,0.0018585076800193235,0.35375242788081196,-0.04099318522718565,0.4405195769417023,-0.09140596536514908,0.5716145365681182,-0.0773022344809137,1.0086863280079579,0.0019688427319593305
iris_offset_y_l,-0.02010546320992824,0.23868656273508382,0.012134268619810217,0.3952125947838645,0.12261800519610147,0.5644083746767858,0.29690855115425235,0.7662464958499398,0.7290195039793927,1.3143103553117632,0.02010546320992824
gaze_asym_x,0.00365520175312631,0.25503530113057654,0.003140691404068997,0.3994949690154559,0.05772139342063617,0.5591465320188642,0.09377425745952309,0.7644128950176112,0.10907911212462079,1.2565053862978568,0.00365520175312631
gaze_asym_y,-0.03753726758591923,0.4553737408592333,-0.13221984772576073,0.7881553766037719,-0.20179388957589253,1.0555955092484992,-0.2931492060009744,1.4324280828992193,-0.6241650909494403,2.1323169361259064,0.03753726758591923
gaze_asym_norm,0.014585510549306208,0.39580340055375285,0.006670800841976228,0.5834108903622524,0.03152009321615007,0.783543170429363,-0.07549079663215229,1.092168277432982,-0.12143557066341895,1.4747353005375834,0.014585510549306208
nose_length,-0.03281077277396209,0.1892492966291454,-0.09645917748250242,0.32561157659648243,-0.12969944920395327,0.43795840914854667,-0.1127534940123216,0.5708025295766517,-0.0352640428776245,0.7365835068203376,0.03281077277396209
nose_bridge_length,-0.08139517773996863,0.2609940715472078,-0.18076055076976666,0.4637207985950909,-0.2250394020239168,0.5632391958915877,-0.23553926686799675,0.7334731550927374,-0.19666068590999825,1.0649085413300625,0.08139517773996863
nose_bridge_width,-0.15170454415899592,0.300937948794772,-0.2506052378304462,0.509912434238785,-0.31206782628110996,0.6420118434652629,-0.3047672241206082,0.808079906451789,-0.34183334154590195,1.1534723127227062,0.15170454415899592
nose_tip_width,-0.11292282213035831,0.2278953011016455,-0.20816190747628266,0.36522711573329186,-0.23686413596334693,0.46278271589478226,-0.2812456938018854,0.685253277728843,-0.46112635090614407,0.9395088291362946,0.11292282213035831
nose_base_width,-0.10061129087779302,0.17682029769171148,-0.21292110045439278,0.3366223977059887,-0.27666148310963357,0.4469392527393376,-0.30172228252938077,0.5899862105732944,-0.4484499610413609,0.8759232854123135,0.10061129087779302
nose_tip_to_bridge_ratio,-0.01933296109552652,0.3019046948712948,-0.05440263060708947,0.5413439458200768,-0.11093349790127233,0.6298487610924902,-0.20631599711768894,0.8774291462837411,-0.4726346478985918,1.0494151071281712,0.01933296109552652
nose_tip_midline_dent,-0.021594565298558216,0.15638872528550912,-0.06827622412919229,0.2969959543435018,-0.0939835050234787,0.36598344220876433,-0.061072359237222755,0.4837150585136186,-0.0663507989492825,0.803306262694895,0.021594565298558216
nose_ala_height_r,0.009067562855553773,0.15047629747436259,0.014040136015136033,0.26653913629785414,0.013065336420746046,0.35821409559855505,0.012923524161809339,0.49180747979364803,0.05210587263315432,0.7536335700578309,0.009067562855553773
nose_ala_height_l,0.009507864396148539,0.17091224760152046,0.009471871653963966,0.26622310993674125,0.03897429263705823,0.37454706963638723,0.03936556647558913,0.5044683891547916,0.07739028015506888,0.7194786424104259,0.009507864396148539
nose_ala_height_mean,0.01255652378279445,0.161129626411939,0.010124736791227287,0.27097007746064283,0.020864105110207996,0.38674144418115913,0.019775851891529084,0.4755405409340385,0.09068068592617956,0.7574086171310714,0.01255652378279445
nose_ala_height_asym,-0.025153884404028756,0.26491060239382513,-0.05379734109726677,0.4762769353243034,-0.09535056943744168,0.6006763311982222,-0.13172865622785132,0.8169754641003063,-0.16899488663704826,1.2089226066853878,0.025153884404028756
nasolabial_angle,0.015437419497587083,0.1251947828146693,0.027158856127524538,0.2311384711834878,0.03379867662147316,0.27350581016125824,0.02405461721163346,0.4083135598658111,-0.0010965869507777969,0.6226087765965514,0.015437419497587083
nose_tip_elevation,0.043314732616521294,0.24034084380554482,0.09292022486643203,0.4452706043216273,0.11244171156159034,0.5841939976676411,0.08877945415709677,0.7539382476187845,0.07926662345024282,1.166879451319643,0.043314732616521294
ala_flare_angle,-0.01630234194170395,0.18787676609329246,-0.007360440642822022,0.27695617751303037,-0.017614833483545884,0.3840099071348228,0.005363777594561227,0.4650528432812377,-0.036736994100720025,0.7822181755954027,0.01630234194170395
columella_length,0.0810106058455362,0.22076951230210426,0.15753535660800538,0.4033209396068185,0.19514451191616955,0.5186446706587619,0.18499880746890665,0.6882926325378977,0.13079762260902517,1.028428609803172,0.0810106058455362
columella_hang_below_ala,0.014895629868435489,0.13583491848282236,0.003820670812201565,0.22998842484874307,0.00552682470102072,0.3126944012236693,-0.0013803135231698234,0.42615566771544755,0.007247260704212302,0.6876662870582348,0.014895629868435489
nose_to_face_area_ratio,-0.11295555316194184,0.2126642096106513,-0.2302259250576303,0.4166650324816403,-0.27256371370589105,0.5232084101105225,-0.2869095361458751,0.6792254616359491,-0.3432222097336609,0.8487368260267519,0.11295555316194184
philtrum_length,0.010441465115489705,0.17545236550034982,0.016460582840085558,0.3812375719120417,0.012660921195509791,0.4204870200453009,-0.05410210025171315,0.668873269124407,-0.13657028288036502,0.9997310947769945,0.010441465115489705
philtrum_width,-0.029651600055204314,0.11639421796399538,-0.03573880330424216,0.20530036581014816,-0.008140118119056133,0.2621034107318083,0.015279950646305942,0.3371381575433203,-0.05640639577262724,0.5923693642068568,0.029651600055204314
mouth_width,-0.021932995561789237,0.09117458019160617,-0.02562810001686598,0.14520817020742888,0.004896224895328941,0.20751958204358656,0.021486299765135018,0.30886509585866156,-0.038243759988338705,0.567050676725373,0.021932995561789237
mouth_opening,0.005728117637230149,0.061897529365721474,0.01511031124477467,0.11558775410818081,0.03489753193149628,0.1561555964242712,0.04348573271033612,0.2110558733760461,0.010240367052999556,0.36327555293129155,0.005728117637230149
upper_vermilion_height,-0.018419283870828723,0.22189878949526615,-0.015934671527336776,0.4024213398314676,-0.0026536858165305665,0.5565271017908113,0.07500002157008695,0.8350073981387539,0.28901217448914385,1.1406077318238397,0.018419283870828723
lower_vermilion_height,-0.014470461382009029,0.18523668242750385,-0.03474270700251924,0.3114980828384023,-0.0539803233853679,0.4239569601825543,-0.08439984830846495,0.6056860952148396,-0.24838353691087303,0.9066877781415597,0.014470461382009029
vermilion_total,-0.019926556601694245,0.19429259694668816,-0.028295922972622643,0.3478904334194356,-0.061677058119503886,0.4827238196098865,-0.002690134200998907,0.7260635582001786,0.01275387415248765,1.0645578798976416,0.019926556601694245
cupid_bow_drop,-0.0590327193854826,0.20545720315151222,-0.1717247878497123,0.36310879856361994,-0.28365165752499655,0.46015566340719183,-0.4481876252593858,0.6588079624115297,-0.7185187431329496,0.9815367522823606,0.0590327193854826
mouth_corner_drop,-0.002790220333643921,0.12835269456230242,0.033545675897300176,0.20499693307021824,0.07823142027001942,0.2925349029000418,0.15511488285291697,0.44501684335830105,0.24480550713171995,0.7624337881731003,0.002790220333643921
mouth_triangularity,-0.0033901855172361658,0.1265856148413841,0.023996659350558225,0.20562959953743076,0.06591016383932949,0.29107369800636856,0.1256706205814176,0.43789807095829864,0.19501283822159493,0.7576641285468239,0.0033901855172361658
mouth_tenting,-0.00037322753376141973,0.12016207931234352,0.023584945326643826,0.21017272414180144,0.05596635159736691,0.30014020349285797,0.12532952865610064,0.41150834281366605,0.1975668567158119,0.764553555529464,0.00037322753376141973
mouth_upper_curvature_c2,0.008096184691383401,0.08588554026356718,0.028060607919630207,0.14307575767890549,0.04394583382633177,0.20018637831604397,0.055848093975395814,0.3061594093619802,0.10245790663976015,0.5384750480847125,0.008096184691383401
upper_lip_eversion,-0.022647901861947914,0.21274169646827484,-0.025888551504624817,0.3967120114979661,-0.01742775868603031,0.5306710118002484,0.03971116549429718,0.8030411762906278,0.21404058811467924,1.1016676773420366,0.022647901861947914
lower_lip_eversion,-0.015339290091233599,0.1841038489939537,-0.030573373120854536,0.3103825108469881,-0.06350365749245543,0.41893273378333895,-0.07676131914489777,0.6065619247074994,-0.17194576060276984,0.94045154542604,0.015339290091233599
lip_midline_x_std,-0.01228860695423651,0.15581703552335205,-0.029359161367460647,0.20264816338499594,-0.02930175748607967,0.31069162503089165,-0.054894462160850324,0.45809829336275343,-0.11308548645907801,0.6730539816101989,0.01228860695423651
chin_height,0.004515536056971147,0.15212499758947634,0.002527802164044417,0.241278651103357,9.211619067308317e-05,0.28032964195116006,-0.008101052194464994,0.42299992855663204,-0.01840092923536739,0.740104083101238,0.004515536056971147
chin_width,-0.08733603769727183,0.1873211987886577,-0.12957651067730286,0.29393062448533563,-0.13466300431765935,0.3501026371497939,-0.14531196555106912,0.556265165229254,-0.09598786398649103,0.9083192205266559,0.08733603769727183
chin_pointedness_angle,-0.011773402308982732,0.1791802715092095,0.021024853780023257,0.29803289490937923,0.08318255290664406,0.4007345105483956,0.20616237104056867,0.5311704403112085,0.5146080238090268,0.8658762663710763,0.011773402308982732
jaw_bigonial_width,-0.04918164448304057,0.26253349659628633,-0.1039190391466002,0.3980417660869665,-0.10267416886246386,0.4313273361667208,-0.12209148584434072,0.6445136806435814,0.005654522935198091,0.8462037630664442,0.04918164448304057
forehead_height,0.025314132122533646,0.18521311045155536,0.00021787733397660476,0.30693645068287456,0.002698224682136635,0.3466514694228645,0.06094456989980029,0.5191883770956625,0.14662186243883163,0.7329213566317607,0.025314132122533646
forehead_width_upper,-0.10796762904717169,0.28008797621043213,-0.22221821741083878,0.5289780761514113,-0.25653698999319696,0.6304301218018152,-0.26127888099613605,0.7923335301697072,-0.24343366570934794,1.111154261623056,0.10796762904717169
forehead_width_mid,-0.1033816206772033,0.2550440390866512,-0.20534447791466576,0.5176260860219686,-0.2509330527245638,0.6310196330457584,-0.2709732304353833,0.7896504885845083,-0.28981042849453287,1.0908452715667525,0.1033816206772033
forehead_taper_ratio,-0.11783998401236621,0.28054806684944716,-0.20067596182164243,0.5109954377608943,-0.18114999094099013,0.64904925987082,-0.18134746967380225,0.7432294016505846,-0.03190031374227652,1.0457327403172563,0.11783998401236621
face_aspect_ratio,-0.015712022384812823,0.15532551928641375,0.01856672377399967,0.2679256258901876,0.03560334084108796,0.33760098092405216,0.04333237170916315,0.42492336856066487,0.1232519563091729,0.6707106694048375,0.015712022384812823
face_roundness,0.024515823721904362,0.15363857945567633,0.04816077477885057,0.2981590727625143,0.038186393154738846,0.35609379265681257,0.06197679900739842,0.5708164217285111,0.07792260282230581,0.9216616690731212,0.024515823721904362
face_width_uniformity,-0.1845001124179871,0.35798513384281505,-0.3267034769126823,0.5909687606089772,-0.35724073607346984,0.7856231455936847,-0.34896786330030893,1.0017221189196528,-0.276298439243857,1.3598952669399689,0.1845001124179871
jaw_to_forehead_ratio,0.02227638073759971,0.2272864068047563,0.05220789670623775,0.4058866296357834,0.06507478707741293,0.4874763610763803,0.06710813155983428,0.6638939942456088,0.14812083280810984,0.8211205777138677,0.02227638073759971
face_triangularity,0.024737320236955487,0.19849765447446666,0.011056584295032128,0.28940134884168134,0.007139279551294053,0.37803098768315946,0.04171722660854489,0.542257156444639,-0.015129898905695795,0.8344431891428435,0.024737320236955487
face_asymmetry,-0.00504556666226339,0.1085157468631388,-0.015806069256737443,0.18261976560382007,-0.037885427145179326,0.24882160671655557,-0.041348308906889106,0.39063627498794024,-0.04105480283736364,0.5987271391276058,0.00504556666226339
midface_width,-0.0603821326752807,0.17058656983739348,-0.125867358111384,0.31546957224605454,-0.15561195437649625,0.4046045566669327,-0.21745508317614223,0.5675863757049194,-0.3715808474088667,0.7930081639622799,0.0603821326752807
malar_bulge_r,0.018646890067605816,0.07749318035584414,0.03996460686952934,0.1344840798235871,0.04473159262839592,0.16897011533728584,0.04399738078236179,0.23662721168724876,0.04023573741405566,0.41581663221831755,0.018646890067605816
malar_bulge_l,0.02174724089744606,0.07680809853388842,0.03417096710239155,0.12562391326469352,0.040465324064295906,0.16406739083054528,0.04817866953463684,0.24218539815530593,0.08016562416803938,0.39948188725530676,0.02174724089744606
malar_bulge_mean,0.1826822053508547,0.38455123727088264,0.343737116046301,0.7110363856749168,0.3745954644849422,0.8737296647964523,0.5136636956625962,1.1038619853773488,0.4605754016769144,1.5415832379914125,0.1826822053508547
malar_bulge_asym,-0.03804101560371434,0.1453470459526679,-0.08237045918597574,0.2844138414765589,-0.08191087924769094,0.3548921037956884,-0.0877199712739798,0.42684239763182996,-0.10730760104641492,0.653781454641948,0.03804101560371434
cheek_area_r,0.01861123098323017,0.11172986272835786,0.022640142356135436,0.20300979003658054,0.019281575085894394,0.25602891797964417,0.03463130077292377,0.3613952896247459,-0.004988880499921732,0.5799912749357491,0.01861123098323017
cheek_area_l,0.014140436510512985,0.10823184438109967,0.009229138764590403,0.2086403416564171,0.001068924944027324,0.22098401656664762,0.011107913442624628,0.35528464845972707,0.03266344351723336,0.5379296616717482,0.014140436510512985
cheek_area_mean,0.033073693440404076,0.13129053363209858,0.044586273780046815,0.27774104928152177,0.03373687100005884,0.32815109210098303,0.052236159467385836,0.45633932861561555,0.07592392660514194,0.674197375142542,0.033073693440404076
cheek_area_asym,0.017456584806774714,0.11858713564101396,0.04024879223285534,0.2241583289609161,0.05269196316626808,0.287343686507549,0.054566330097470306,0.3692155953711024,0.07772903599298811,0.5484077127292939,0.017456584806774714
